timestamp,average,percentile_5,percentile_95
2008-07-13 00:00:00,0.0,0.0,0.0
2008-07-13 00:15:00,0.0,0.0,0.0
2008-07-13 00:30:00,0.6993033918420958,0.0,2.428951262658325
2008-07-13 00:45:00,4.021875046236857,0.0,13.611134037558303
2008-07-13 01:00:00,4.603806743377964,0.0,11.244886043048416
2008-07-13 01:15:00,4.931871997852832,0.0,19.8
2008-07-13 01:30:00,3.4528241134302666,0.0,13.701353077333776
2008-07-13 01:45:00,0.6689067397797771,0.0,3.3445336988988856
2008-07-13 02:00:00,1.98,0.0,9.9
2008-07-13 02:15:00,0.5000569074174048,0.0,2.500284537087026
2008-07-13 02:30:00,2.994317825331676,0.0,9.9
2008-07-13 02:45:00,5.220390909488486,0.0,13.900099132302339
2008-07-13 03:00:00,3.5040000000000022,0.0,9.9
2008-07-13 03:15:00,6.505020861613395,0.0,19.8
2008-07-13 03:30:00,5.484,0.0,19.8
2008-07-13 03:45:00,4.728185629808983,0.0,16.020928149044913
2008-07-13 04:00:00,3.91885489041215,0.0,11.082604131847813
2008-07-13 04:15:00,3.3849031720050564,0.0,10.63604060773686
2008-07-13 04:30:00,2.866662513972456,0.0,8.711133781625096
2008-07-13 04:45:00,0.8640000000000001,0.0,6.48
2008-07-13 05:00:00,4.947979599162775,0.0,9.9
2008-07-13 05:15:00,6.030000000000003,0.0,15.344999999999972
2008-07-13 05:30:00,10.65,0.0,26.28
2008-07-13 05:45:00,9.17989351719883,0.0,20.731085990666944
2008-07-13 06:00:00,8.9651558522568,0.0,20.23535718741239
2008-07-13 06:15:00,9.41175754192085,0.0,26.28
2008-07-13 06:30:00,12.572400473244882,0.0,29.76199944169401
2008-07-13 06:45:00,12.781879421808782,0.0,29.700000000000003
2008-07-13 07:00:00,17.076661263381652,0.0,37.86881837397345
2008-07-13 07:15:00,13.835471368974819,0.0,31.995643143179727
2008-07-13 07:30:00,13.29699348754794,0.0,29.700000000000003
2008-07-13 07:45:00,13.349639404462753,0.0,30.114019544247448
2008-07-13 08:00:00,16.041880330378063,0.5933775239915097,34.02029093402176
2008-07-13 08:15:00,9.39194688302548,1.7276646319510391,15.441818543453198
2008-07-13 08:30:00,15.390952981943855,9.9,22.005593844335166
2008-07-13 08:45:00,29.05283349880184,9.413999999999987,46.55414678190225
2008-07-13 09:00:00,24.355527600954947,6.511846197891218,44.4422911093482
2008-07-13 09:15:00,25.1304772510514,8.685680099637604,38.945126067209834
2008-07-13 09:30:00,26.40746989008399,7.595378524708433,50.159646111631005
2008-07-13 09:45:00,24.816441681426976,2.3901945944612306,50.129696430802284
2008-07-13 10:00:00,27.282525186309094,10.636985768835258,49.41006623703552
2008-07-13 10:15:00,40.007537562412885,17.77773882726415,67.81212916475943
2008-07-13 10:30:00,38.21184493884521,17.487793470467427,73.60179828247327
2008-07-13 10:45:00,36.75621527432809,11.005916910111107,62.00964368904003
2008-07-13 11:00:00,38.17784988379673,7.548141319892343,70.34836034620838
2008-07-13 11:15:00,38.74152893465718,15.580314532987058,64.15979816019515
2008-07-13 11:30:00,34.38610160397484,13.12792779752108,55.18664093252083
2008-07-13 11:45:00,30.98850071310625,11.707324369536224,54.44543998367227
2008-07-13 12:00:00,27.25681967430962,10.49976086268992,47.77722320923156
2008-07-13 12:15:00,32.588813919260424,12.96000000000003,57.86688590011187
2008-07-13 12:30:00,26.800977859852146,9.568241364702477,42.42670947205183
2008-07-13 12:45:00,29.054350923492844,6.480000000000013,55.925705775893654
2008-07-13 13:00:00,27.09375885514125,9.156315514851483,46.40846252362715
2008-07-13 13:15:00,23.03152472611237,6.527365700816135,43.141868746028926
2008-07-13 13:30:00,28.82503900326125,9.875866006482036,48.06823219354476
2008-07-13 13:45:00,19.818418817923195,7.02031157516831,39.379215125367246
2008-07-13 14:00:00,19.18528259662489,6.259999999999958,38.39488170767574
2008-07-13 14:15:00,12.91167093999179,1.1600633105010236,27.96299999999999
2008-07-13 14:30:00,22.03298995063741,5.095770641665382,40.171241398541646
2008-07-13 14:45:00,31.81866376255641,13.14,51.9502166636331
2008-07-13 15:00:00,31.861412873265774,10.633761822859029,50.976077313379825
2008-07-13 15:15:00,40.71876338521749,11.358,73.87193214122196
2008-07-13 15:30:00,49.1958514087509,16.215075466922976,76.2113392816436
2008-07-13 15:45:00,50.77780201426807,25.324054263275357,76.72891280313989
2008-07-13 16:00:00,46.44076766125147,16.563914547475,76.83468718844155
2008-07-13 16:15:00,48.598986619809075,26.037000000000003,76.29704212610565
2008-07-13 16:30:00,62.60484648006785,31.291591440847256,90.98138571175835
2008-07-13 16:45:00,61.272278147404066,33.614017903236885,94.44163533601582
2008-07-13 17:00:00,67.43825873269206,35.856,101.8217204447104
2008-07-13 17:15:00,73.24771446071209,37.715608284663126,111.81412464957522
2008-07-13 17:30:00,69.77692603282709,38.05163306512482,101.7472704608372
2008-07-13 17:45:00,81.5314734645964,37.717170652405414,113.93220257526625
2008-07-13 18:00:00,82.92203183086595,38.487211995652785,127.72153998432935
2008-07-13 18:15:00,82.64062211286688,54.07505442806643,110.68513405087143
2008-07-13 18:30:00,86.62470186174802,53.00674668948235,123.51464689257257
2008-07-13 18:45:00,82.42824746352724,50.14239607456006,111.5749745862356
2008-07-13 19:00:00,85.08221793843722,53.915685050756245,116.18678633662745
2008-07-13 19:15:00,78.61184993974112,54.84605189940089,103.19204587517041
2008-07-13 19:30:00,80.28984952756097,42.15600000000001,111.86240430522754
2008-07-13 19:45:00,75.87447801320714,41.17550455134648,106.61196327488669
2008-07-13 20:00:00,75.49104343662603,50.558447205903505,103.76739476854718
2008-07-13 20:15:00,80.93311882653735,44.98244958562885,125.88380221524329
2008-07-13 20:30:00,84.43054316626788,47.52410861126902,127.69336639054694
2008-07-13 20:45:00,84.6986746341919,44.548120484226345,116.7035942301129
2008-07-13 21:00:00,80.64421209808727,50.05213875850385,118.17236802398138
2008-07-13 21:15:00,79.4001736849327,40.26695052466382,106.53621447420464
2008-07-13 21:30:00,79.74338329034165,45.9599816122056,111.62200000000001
2008-07-13 21:45:00,87.69763189650001,47.04084702537181,122.25968119772921
2008-07-13 22:00:00,90.88524602536944,52.125630687211405,137.20051106476532
2008-07-13 22:15:00,94.14709588119507,49.80154927469191,142.0787717448412
2008-07-13 22:30:00,83.76791935095814,50.256,126.86906674319808
2008-07-13 22:45:00,83.02945752659775,49.74921805644516,125.10085258182218
2008-07-13 23:00:00,81.65318454752936,45.16667204866346,123.2449223373448
2008-07-13 23:15:00,77.37657161971795,47.27338630525579,114.9972875726734
2008-07-13 23:30:00,68.80937306958589,36.48888070211669,103.1183464752075
2008-07-13 23:45:00,61.87174623675289,34.80352655349602,99.84376770592183
2008-07-14 00:00:00,55.173427805285456,32.82255728125165,86.5479417294606
2008-07-14 00:15:00,39.4374047890954,23.358377386996466,54.98733442136461
2008-07-14 00:30:00,34.26724391630885,17.53020025384582,52.37999999999996
2008-07-14 00:45:00,31.74819903619316,14.093098141229655,49.500000000000014
2008-07-14 01:00:00,37.62599999999999,19.8,56.32199999999998
2008-07-14 01:15:00,35.98070480232079,21.257443684789088,51.23799999999996
2008-07-14 01:30:00,35.59491365905189,22.219917641509088,56.93384787846821
2008-07-14 01:45:00,27.79374951822596,12.78088604189888,42.943999999999946
2008-07-14 02:00:00,25.711385218037954,13.14,39.6
2008-07-14 02:15:00,24.643333333333327,11.358,39.6
2008-07-14 02:30:00,24.940635621042144,10.214999999999982,42.56092366139151
2008-07-14 02:45:00,18.71559033352112,3.16357825042256,39.6
2008-07-14 03:00:00,14.006939275623756,0.899999999999999,28.16099999999999
2008-07-14 03:15:00,12.24066666666666,0.0,28.16099999999999
2008-07-14 03:30:00,13.979069106647353,0.0,29.79999999999997
2008-07-14 03:45:00,12.486464092207306,0.0,25.82204420746643
2008-07-14 04:00:00,5.540885796858274,0.0,11.332073199420686
2008-07-14 04:15:00,7.829061869629425,0.0,19.28469205763427
2008-07-14 04:30:00,9.315005756486226,0.0,21.752008359290073
2008-07-14 04:45:00,16.034198914007206,0.0,29.700000000000003
2008-07-14 05:00:00,21.85281639419505,0.4133376888387369,44.46005821674758
2008-07-14 05:15:00,18.76075975990771,2.349216052622026,42.007878835224595
2008-07-14 05:30:00,13.85742383212266,0.3201957150713714,35.465195715071346
2008-07-14 05:45:00,17.4981178159361,4.0195305891387605,31.80472484269364
2008-07-14 06:00:00,33.639345523915935,4.068102810228616,66.12674686376535
2008-07-14 06:15:00,38.25106783773311,11.841373828779496,71.60293403429316
2008-07-14 06:30:00,36.1993170017773,12.590609791783576,63.542322807184874
2008-07-14 06:45:00,31.09719326934791,10.65179037546419,61.31443078238374
2008-07-14 07:00:00,43.492863494101904,15.211709822373932,76.86085307027889
2008-07-14 07:15:00,44.56440747510502,21.242919728628973,67.18052150633856
2008-07-14 07:30:00,47.06901602888784,24.88634233040315,83.25035254898316
2008-07-14 07:45:00,41.657699853049344,12.948153518992726,66.67963292215495
2008-07-14 08:00:00,31.822407886616727,8.019000000000016,62.2542737330936
2008-07-14 08:15:00,32.27728252497661,12.562379820280478,53.5904057354721
2008-07-14 08:30:00,30.84291270045232,13.092478212952969,51.50055302216877
2008-07-14 08:45:00,31.463848784109185,13.026548211220533,47.635218584929
2008-07-14 09:00:00,31.864864832929545,19.137815520192895,51.08402801624281
2008-07-14 09:15:00,34.73405138899923,12.088299296084601,59.12041423497772
2008-07-14 09:30:00,28.233243674988934,9.9,47.382299403631784
2008-07-14 09:45:00,31.91598949609,15.150266864477361,49.14280627070889
2008-07-14 10:00:00,39.684756497161764,18.70251188975218,62.06028587000252
2008-07-14 10:15:00,46.26684607244762,20.63461187277557,67.70811370123316
2008-07-14 10:30:00,41.11951669908178,12.65138991479376,71.95280250856374
2008-07-14 10:45:00,50.95823154138384,22.23131949552257,84.05207577693741
2008-07-14 11:00:00,55.688723305657966,31.53750414182551,80.19839993004774
2008-07-14 11:15:00,53.39596878335986,32.594650621797456,77.42302469812027
2008-07-14 11:30:00,52.014653319235464,30.244647909126993,70.59930286181012
2008-07-14 11:45:00,34.419782110902744,14.866056866704136,64.72691468451707
2008-07-14 12:00:00,24.348730498381656,10.840584512646279,44.86236695281375
2008-07-14 12:15:00,30.053194714354557,11.346187572359469,52.977936754507716
2008-07-14 12:30:00,25.77965799831111,8.51738006706365,44.44259878370126
2008-07-14 12:45:00,26.415098837628044,9.144525620885556,53.02035347726582
2008-07-14 13:00:00,39.20876112350585,16.461067663015566,64.55501333034447
2008-07-14 13:15:00,39.56204523083199,9.675919858047731,71.56052640477084
2008-07-14 13:30:00,41.736917392229564,18.965270716486565,66.40264968864322
2008-07-14 13:45:00,30.535315392002968,14.841715615077623,53.91850616376958
2008-07-14 14:00:00,33.8287746457051,7.057493872998863,67.55937310747086
2008-07-14 14:15:00,34.74653655984123,11.001095045154644,60.58850561970055
2008-07-14 14:30:00,33.33056132926574,11.8232780210523,60.5607044035152
2008-07-14 14:45:00,46.54545722144777,21.066293308877338,87.51009378105334
2008-07-14 15:00:00,40.93759167938834,19.701000000000004,68.45794545491067
2008-07-14 15:15:00,45.04799109205156,20.186684962325998,69.7809898453888
2008-07-14 15:30:00,54.905273870967456,36.54648267114854,78.06678644886885
2008-07-14 15:45:00,54.89713407712845,25.77968948296547,84.30582037047309
2008-07-14 16:00:00,51.135747765225325,20.494215785379804,83.28785460155366
2008-07-14 16:15:00,59.21390804621343,26.608658882340187,102.57784039590646
2008-07-14 16:30:00,69.82325836394966,34.98693131185195,102.71850731180271
2008-07-14 16:45:00,90.83164948627572,68.41528214674067,118.87209917921318
2008-07-14 17:00:00,92.89597579364323,45.28201479813104,130.49296677680022
2008-07-14 17:15:00,78.44670972807965,45.185318474854306,107.48492613633812
2008-07-14 17:30:00,84.39951465278936,46.791342853453045,116.12670617042072
2008-07-14 17:45:00,88.27563920613031,54.8211609540348,124.05928689704218
2008-07-14 18:00:00,109.19567110253966,60.366748184559164,151.7425593970813
2008-07-14 18:15:00,134.22980140442397,85.71008695507066,174.0749999999999
2008-07-14 18:30:00,127.70836529092936,87.87701091044283,171.71250000000006
2008-07-14 18:45:00,111.7728736007075,69.74770815223107,169.03499999999988
2008-07-14 19:00:00,98.39467951125329,64.58480827371393,164.12339329608295
2008-07-14 19:15:00,99.55664199703247,61.53925003363513,162.15475403681197
2008-07-14 19:30:00,83.2983609067659,36.85661699657139,127.87836618873072
2008-07-14 19:45:00,80.44262931067487,44.76505016707149,112.16250597515695
2008-07-14 20:00:00,77.0106201058994,44.88158053850451,111.15125463855348
2008-07-14 20:15:00,75.99869264892595,41.058,115.25839257042344
2008-07-14 20:30:00,67.96489739570293,40.955891546521606,110.64106651038954
2008-07-14 20:45:00,68.69013869983353,47.53800000000001,103.57603429251502
2008-07-14 21:00:00,71.68515113682147,46.70145851811868,100.59383265700966
2008-07-14 21:15:00,72.13696517218338,39.75710803220894,101.4054196193614
2008-07-14 21:30:00,58.98603424879097,28.784092076112138,93.53179846917385
2008-07-14 21:45:00,62.43141305690521,22.000360246220776,110.33827309728409
2008-07-14 22:00:00,67.09797259111784,28.701262544688174,109.33260789117594
2008-07-14 22:15:00,57.42010036205452,25.22111061391794,85.280958350197
2008-07-14 22:30:00,56.884578425606,34.427358881139945,83.80376620527628
2008-07-14 22:45:00,48.46480628100514,19.377000000000027,73.8795544133972
2008-07-14 23:00:00,44.61302902601475,16.977568661181678,69.14568790947293
2008-07-14 23:15:00,40.01850672094603,19.50949734980986,62.3579002765934
2008-07-14 23:30:00,36.95240301699243,13.062156276235422,61.82040844437899
2008-07-14 23:45:00,35.855917161047174,10.992368467544463,66.21953852263435
2008-07-15 00:00:00,30.261414796517922,4.450464159956885,60.297335903447696
2008-07-15 00:15:00,32.08134545555007,8.019000000000002,54.850200002762655
2008-07-15 00:30:00,29.614176045957514,1.4873477505512596,55.34999999999998
2008-07-15 00:45:00,24.715220119152722,0.0,48.91203410807974
2008-07-15 01:00:00,23.009304627426864,0.0,46.423062651606735
2008-07-15 01:15:00,20.081139674585565,0.0,46.080000000000005
2008-07-15 01:30:00,18.24,0.0,46.080000000000005
2008-07-15 01:45:00,18.079416178465284,0.0,45.277080892326424
2008-07-15 02:00:00,14.956850007476266,0.0,36.211130839577976
2008-07-15 02:15:00,17.470409752988832,0.0,39.79425156061653
2008-07-15 02:30:00,14.209999999999985,0.0,31.514999999999958
2008-07-15 02:45:00,16.353484453349434,0.0,37.006385167570656
2008-07-15 03:00:00,14.581085581103968,0.0,29.700000000000003
2008-07-15 03:15:00,13.639693567469184,0.0,29.700000000000003
2008-07-15 03:30:00,11.152252734782346,0.0,29.700000000000003
2008-07-15 03:45:00,9.587980899181186,0.0,26.07248411990267
2008-07-15 04:00:00,6.3679639473137915,0.0,20.030915018668207
2008-07-15 04:15:00,8.676702360073213,0.0,20.283511800366018
2008-07-15 04:30:00,10.503571468260152,0.0,23.779887781459156
2008-07-15 04:45:00,18.701887015210584,0.0,50.05436058847811
2008-07-15 05:00:00,22.193617360906888,0.0,55.211042102094886
2008-07-15 05:15:00,16.225437115116776,3.088210277419236,35.08494330822667
2008-07-15 05:30:00,13.530145581824517,0.7464650223495378,30.623871538430947
2008-07-15 05:45:00,20.136304879180805,6.130108703663627,39.01349233427839
2008-07-15 06:00:00,21.415912656740964,4.355424668439355,41.14198371413831
2008-07-15 06:15:00,25.848420560322758,3.5243291164535773,52.345658803186154
2008-07-15 06:30:00,25.629960342728943,9.729160238423177,53.70583457635352
2008-07-15 06:45:00,39.38486366394566,7.469969780085519,76.44769060494923
2008-07-15 07:00:00,22.4624979656468,5.61314595673341,44.30802003577773
2008-07-15 07:15:00,32.891384757157645,5.59127387850793,57.51682846131711
2008-07-15 07:30:00,35.766032590596474,12.991926217887857,60.56926130885543
2008-07-15 07:45:00,26.383402359813356,3.101838204772804,53.98017066075906
2008-07-15 08:00:00,35.03094385138275,10.52113678412423,82.39765758670484
2008-07-15 08:15:00,29.649242191023333,7.942205734973333,64.63216246433682
2008-07-15 08:30:00,40.84745708559832,9.900000000000022,74.85444413369272
2008-07-15 08:45:00,33.55250081716021,8.941677813844334,79.24935242392054
2008-07-15 09:00:00,30.603550973914277,10.73994021809803,64.75308163760326
2008-07-15 09:15:00,25.68724812081422,3.6325348145108802,56.758098302854066
2008-07-15 09:30:00,27.10567542918674,1.7653888720610302,49.4916314444827
2008-07-15 09:45:00,26.922489162257502,8.1419567196665,41.078638693917824
2008-07-15 10:00:00,34.81670782671136,11.889518369039772,58.187641047876404
2008-07-15 10:15:00,38.45473750977343,16.19843540876931,61.471332666174234
2008-07-15 10:30:00,26.096123727732024,10.00250438505491,46.29637966902567
2008-07-15 10:45:00,40.70343568166327,20.311980145534513,59.93793318514168
2008-07-15 11:00:00,58.66416724425877,40.50348038011714,83.94615565432052
2008-07-15 11:15:00,62.74120758944183,30.1999737608135,97.93712864812059
2008-07-15 11:30:00,46.368099565727334,19.82519295131007,87.04571402983795
2008-07-15 11:45:00,57.16843404542057,29.61789999269257,90.9088923306307
2008-07-15 12:00:00,59.44235424739453,26.655897318675965,84.55699946870207
2008-07-15 12:15:00,49.805066616106735,20.504562838450862,76.76939441651702
2008-07-15 12:30:00,43.76495872519589,20.62109518859816,67.5908210445671
2008-07-15 12:45:00,37.14662280424579,16.27767986587928,63.39914879932599
2008-07-15 13:00:00,31.915276489262798,12.297412214929277,57.66776127051366
2008-07-15 13:15:00,45.84632800974258,17.299362820449453,86.69701780535794
2008-07-15 13:30:00,57.621752914658174,32.5422402547785,84.2874450340483
2008-07-15 13:45:00,49.23914749520903,21.1656160636931,76.55311191392968
2008-07-15 14:00:00,43.16828236011432,19.85355100960359,69.67094410509223
2008-07-15 14:15:00,37.612553625180986,18.490082865840456,57.76200000000001
2008-07-15 14:30:00,38.01602169587465,23.021350734768774,52.822760545535054
2008-07-15 14:45:00,44.460699783677605,24.709095838130544,64.14959688957347
2008-07-15 15:00:00,50.42825733860347,26.370741462307127,84.5418394234281
2008-07-15 15:15:00,57.25377363886788,35.92232965026881,88.36735186558839
2008-07-15 15:30:00,48.924149448077664,21.31013495906894,86.11613518495487
2008-07-15 15:45:00,46.02072751028616,21.909829161692535,74.5894418370374
2008-07-15 16:00:00,51.117791218853526,18.253744989388977,81.04039280765056
2008-07-15 16:15:00,32.70477069534901,13.482928446838617,58.85294777742171
2008-07-15 16:30:00,37.86181664214819,24.334369995731294,54.821000660917804
2008-07-15 16:45:00,62.58074176254761,30.048061320393874,90.97053691544902
2008-07-15 17:00:00,77.71818858004923,32.97349479265545,119.91797120019253
2008-07-15 17:15:00,92.31758918921757,45.05442681831777,133.4172093566229
2008-07-15 17:30:00,92.4733140916165,51.117920324515715,134.5637266035292
2008-07-15 17:45:00,101.44628884072158,60.057994399473614,146.93226353120477
2008-07-15 18:00:00,107.33921266825722,61.87032342175041,156.94512514229768
2008-07-15 18:15:00,106.712563451467,69.93214919885246,142.43205811849487
2008-07-15 18:30:00,113.7124978832981,69.7171260165945,160.59548454755983
2008-07-15 18:45:00,112.53809608911597,54.95253636459679,158.39340590826944
2008-07-15 19:00:00,101.97989757181604,52.22178429824026,144.96293982024736
2008-07-15 19:15:00,89.10375252265217,38.35407793546141,153.16123671694947
2008-07-15 19:30:00,71.8266691207225,30.455405078994588,129.46450063152383
2008-07-15 19:45:00,67.98700219768006,36.10064174938024,110.56723024966999
2008-07-15 20:00:00,50.74291558400669,24.861079608933288,91.31473325067823
2008-07-15 20:15:00,55.30788236238714,29.939538652701717,108.47141007697482
2008-07-15 20:30:00,46.975837318132115,21.582696509398207,98.65401150969248
2008-07-15 20:45:00,54.85707266080435,16.225385557610274,108.18741609035129
2008-07-15 21:00:00,56.96045473946838,19.517205589594155,88.43533990655983
2008-07-15 21:15:00,50.5927091652136,23.7121668263505,77.81986627405608
2008-07-15 21:30:00,50.86256968383419,27.5765942544262,83.16227240544339
2008-07-15 21:45:00,50.5317545280863,29.933307607617966,72.54789875759772
2008-07-15 22:00:00,49.182868438305164,30.163303522612807,64.96440665963412
2008-07-15 22:15:00,41.40676345699292,18.806829553639037,61.540784266152755
2008-07-15 22:30:00,46.51809952253487,24.77278137135711,68.09004127452592
2008-07-15 22:45:00,55.779539170808356,27.11249982582802,80.13684242227427
2008-07-15 23:00:00,46.52039806761353,16.905208311140107,68.36975635646523
2008-07-15 23:15:00,45.740764703219504,18.107827359384203,70.49721865199785
2008-07-15 23:30:00,44.83928457635387,18.49470833891836,65.7487918775368
2008-07-15 23:45:00,32.42475562353004,7.742309018626776,56.01005294430105
2008-07-16 00:00:00,30.052213875918717,3.0576596839283092,54.06118968633698
2008-07-16 00:15:00,22.285920285685375,1.258707536513744,46.502999999999986
2008-07-16 00:30:00,22.290583811313436,2.8421709430404014e-14,54.23756660765927
2008-07-16 00:45:00,18.121123151492682,0.0,46.502999999999986
2008-07-16 01:00:00,15.149457082572617,0.0,36.728406432233
2008-07-16 01:15:00,13.494,0.0,31.481999999999992
2008-07-16 01:30:00,15.456066868896421,0.0,35.41135341745472
2008-07-16 01:45:00,21.743999999999996,0.0,47.96099999999999
2008-07-16 02:00:00,17.918939000599316,0.0,41.03254017019103
2008-07-16 02:15:00,15.922208047106476,0.0,32.43646810598956
2008-07-16 02:30:00,15.498,0.0,31.481999999999992
2008-07-16 02:45:00,13.887288389081837,0.0,29.700000000000003
2008-07-16 03:00:00,12.227452813722937,0.0,29.700000000000003
2008-07-16 03:15:00,10.129244010438542,0.0,23.66247433045085
2008-07-16 03:30:00,9.228000000000003,0.0,19.8
2008-07-16 03:45:00,8.759780135814639,0.0,26.605113977822914
2008-07-16 04:00:00,7.1087281184403,0.0,19.8
2008-07-16 04:15:00,11.187678971731062,0.0,37.405990859758774
2008-07-16 04:30:00,9.696979155427586,0.0,27.21670309971205
2008-07-16 04:45:00,8.943278181847107,0.0,34.65154600831086
2008-07-16 05:00:00,14.936268791550487,0.0,37.422490502930515
2008-07-16 05:15:00,18.869512351315084,0.0,48.16805105873073
2008-07-16 05:30:00,15.50056821254256,1.9071008207971467,31.70191680364697
2008-07-16 05:45:00,15.364841785036472,0.7419476311878928,30.026489999253688
2008-07-16 06:00:00,31.491000542359416,13.18587389721571,58.35122102622423
2008-07-16 06:15:00,41.801508236117094,6.753229003368228,66.3572449021641
2008-07-16 06:30:00,45.24775433918519,15.892913784703147,79.72273241159645
2008-07-16 06:45:00,46.81155848407055,26.37723349550562,67.47944399227873
2008-07-16 07:00:00,38.90038913591214,8.231905247249628,76.72312770167768
2008-07-16 07:15:00,37.034665484264146,12.19479206011894,63.85391538743116
2008-07-16 07:30:00,32.51434737607317,12.197892077956164,59.09456396821375
2008-07-16 07:45:00,39.05812083070038,6.094617805099535,64.84094644281237
2008-07-16 08:00:00,31.074280440494103,5.412872084962912,54.57011318587627
2008-07-16 08:15:00,42.76901491602279,18.44395640140466,79.57016487136161
2008-07-16 08:30:00,39.96107005324849,11.827521297869408,82.61890994776749
2008-07-16 08:45:00,36.39292163191319,16.752962051443895,56.10251804355847
2008-07-16 09:00:00,29.589843339438485,13.954233908455087,50.14585150400901
2008-07-16 09:15:00,30.44907916881103,13.780986067880104,52.77987336421755
2008-07-16 09:30:00,32.55421164482365,9.425227655842553,61.97590130393761
2008-07-16 09:45:00,35.453437482732646,20.605818763482986,58.49751742089775
2008-07-16 10:00:00,49.37841411349705,22.12978966459953,75.16768865762022
2008-07-16 10:15:00,51.490495951905764,30.898258163581314,74.44611071016705
2008-07-16 10:30:00,47.27266895798298,16.380000000000017,90.26838422076652
2008-07-16 10:45:00,44.10420166038413,17.691213246476188,81.99091934423238
2008-07-16 11:00:00,54.200276636524585,26.85426040315869,83.30083052481488
2008-07-16 11:15:00,71.53969747959951,44.15903556429385,104.07795434585302
2008-07-16 11:30:00,71.09223321464631,41.68316566084778,105.2136444681916
2008-07-16 11:45:00,60.66584030939138,35.959332809119076,89.67272251747967
2008-07-16 12:00:00,44.43984065202387,22.367990547299346,69.5787002618891
2008-07-16 12:15:00,64.12230168659984,41.23067064226052,89.00601048236891
2008-07-16 12:30:00,51.80713985098891,23.170456010367086,88.66387385605368
2008-07-16 12:45:00,46.16561084087906,22.0375858905134,78.4514610649534
2008-07-16 13:00:00,50.571413441890876,22.7197932438084,74.69554102882489
2008-07-16 13:15:00,47.180172182241414,21.542663629118064,77.5842079567747
2008-07-16 13:30:00,49.605707819092345,22.959802583617954,75.75729611310025
2008-07-16 13:45:00,37.71908521842982,16.36990391261154,67.43004931558633
2008-07-16 14:00:00,46.06334010288622,21.28084750184542,77.41729883198664
2008-07-16 14:15:00,62.927776874786105,39.97645786263821,87.86467319681589
2008-07-16 14:30:00,57.184137097853245,31.086663211895633,86.55993996701523
2008-07-16 14:45:00,57.8494580151522,38.9226369649015,80.99424013870795
2008-07-16 15:00:00,60.913704397694126,41.62803702799973,88.92145188182239
2008-07-16 15:15:00,55.967113206887454,35.23952342010246,84.20576423979068
2008-07-16 15:30:00,60.50622250033326,31.600509005573745,91.16301460042705
2008-07-16 15:45:00,55.96632787294926,28.992406445786145,90.21997774324856
2008-07-16 16:00:00,49.51354194941805,17.668666746193225,78.99384009404899
2008-07-16 16:15:00,49.984103558029375,25.321769615768666,80.78787194142745
2008-07-16 16:30:00,55.93681801723147,23.751205147985505,91.650527847269
2008-07-16 16:45:00,54.2628536645152,12.824045742709092,92.05170449796476
2008-07-16 17:00:00,58.56759396299717,24.154886802935327,98.87597285121684
2008-07-16 17:15:00,53.191059038354865,26.747513152219298,91.86057122808378
2008-07-16 17:30:00,65.97928523731221,28.52353453966952,117.04126070182774
2008-07-16 17:45:00,78.96780815757536,39.976996599511594,108.73211505505006
2008-07-16 18:00:00,114.49519597892487,69.35615888311655,158.7501730802167
2008-07-16 18:15:00,121.08960912909069,66.85815477717152,157.71304863904717
2008-07-16 18:30:00,112.28197920564756,62.96464414498922,150.35156120797234
2008-07-16 18:45:00,92.13293351761841,43.91639828280282,146.95955204824304
2008-07-16 19:00:00,83.66860686074953,27.634387975992738,132.02255055056344
2008-07-16 19:15:00,74.6561135236818,22.762351703223445,115.41700839370324
2008-07-16 19:30:00,62.3498156346208,21.996132708519028,91.41140007136686
2008-07-16 19:45:00,59.47766321014604,24.399,92.12742732210133
2008-07-16 20:00:00,59.96200489373421,25.293004332417283,89.90835861202918
2008-07-16 20:15:00,49.59433527300011,17.71877074097531,82.25307934822501
2008-07-16 20:30:00,52.65751549237356,18.828455191631782,83.95283027301195
2008-07-16 20:45:00,62.57684569310797,31.81546855069231,105.65584389835571
2008-07-16 21:00:00,67.62910438136412,35.04647721863239,110.1717058670809
2008-07-16 21:15:00,66.30828462094777,35.0283915245315,107.2413024794643
2008-07-16 21:30:00,65.57308844526446,26.76263317358832,99.89289787821542
2008-07-16 21:45:00,64.96144932302539,38.935817241671515,97.18971206685558
2008-07-16 22:00:00,69.43285867732692,36.99406063111378,103.21147444112097
2008-07-16 22:15:00,69.41726020965778,25.857000000000014,116.62348745257783
2008-07-16 22:30:00,85.29488153498623,36.75145978990433,122.56428007311385
2008-07-16 22:45:00,70.65763261819134,41.2254015841613,95.80818091702965
2008-07-16 23:00:00,65.65302578351441,42.99878683998243,96.42334433391778
2008-07-16 23:15:00,51.75654204932467,32.67144423318679,70.64402869238592
2008-07-16 23:30:00,40.11396150394928,19.890013680151583,58.304949656710285
2008-07-16 23:45:00,41.610205709612956,16.056000000000015,66.76840806684392
2008-07-17 00:00:00,47.389626863671545,24.536824105253434,72.36
2008-07-17 00:15:00,41.34216853342841,18.018999999999934,61.9299999999999
2008-07-17 00:30:00,36.518412452405386,11.358,60.723035093326914
2008-07-17 00:45:00,31.601403467385616,9.9,53.54151168410262
2008-07-17 01:00:00,27.795931165740026,9.9,46.080000000000005
2008-07-17 01:15:00,25.613272919257213,9.572928474372507,46.080000000000005
2008-07-17 01:30:00,22.629725748129236,8.019000000000002,46.080000000000005
2008-07-17 01:45:00,17.92639316512781,7.7353700420605715,30.860536571597052
2008-07-17 02:00:00,14.34835919120101,5.499267225749739,24.501063900248045
2008-07-17 02:15:00,9.500308772469241,2.8421709430404014e-14,19.8
2008-07-17 02:30:00,9.900000000000002,0.0,19.8
2008-07-17 02:45:00,8.10045667401611,0.0,19.8
2008-07-17 03:00:00,7.733333333333333,0.0,17.27999999999995
2008-07-17 03:15:00,6.839184213077568,0.0,13.575219930825712
2008-07-17 03:30:00,5.186666666666663,0.0,9.9
2008-07-17 03:45:00,4.0472938725324035,0.0,9.9
2008-07-17 04:00:00,2.64,0.0,9.9
2008-07-17 04:15:00,8.574543395224275,0.0,25.39675659119088
2008-07-17 04:30:00,8.479420687219921,0.0,18.350496481711524
2008-07-17 04:45:00,6.8050792294554885,0.0,14.10505353249476
2008-07-17 05:00:00,12.881354999336542,0.0,39.27622891755751
2008-07-17 05:15:00,14.333209293953926,0.1843048050454088,40.955877726739644
2008-07-17 05:30:00,14.666342661499904,0.0,32.29908231410965
2008-07-17 05:45:00,13.48709407177603,0.6801960488387342,31.527793239953336
2008-07-17 06:00:00,18.669372816244664,3.478080319684256,37.74767192975965
2008-07-17 06:15:00,30.5195369027258,11.172031343785765,52.334022912958424
2008-07-17 06:30:00,25.629204598774184,8.972431833624668,38.7767967337603
2008-07-17 06:45:00,43.71477593377482,19.775744039831945,69.42544062208407
2008-07-17 07:00:00,40.11026478159668,18.1010882025806,60.342055222621454
2008-07-17 07:15:00,42.96262218379041,13.330094875311291,81.04111213056011
2008-07-17 07:30:00,43.548480179333175,11.69285098266827,73.85162248579101
2008-07-17 07:45:00,34.65707690323142,16.166964278184338,65.60376528015192
2008-07-17 08:00:00,22.943873842638705,3.158711710605303,36.18000000000005
2008-07-17 08:15:00,23.38896684291717,0.42834322457410245,48.28335724467652
2008-07-17 08:30:00,19.18828229503913,7.191152597471167,32.73755080092163
2008-07-17 08:45:00,23.611581388881902,4.3366897467062095,47.019847159722715
2008-07-17 09:00:00,26.992670999890542,5.785659160419491,54.70869769930592
2008-07-17 09:15:00,30.466120015526474,11.716283692273063,47.847678080294
2008-07-17 09:30:00,33.52989148794295,16.025381029174714,48.24493955915962
2008-07-17 09:45:00,32.9879344574343,14.864503616259139,52.560236593995214
2008-07-17 10:00:00,38.88093537817573,12.794181822176729,70.89676078542593
2008-07-17 10:15:00,48.44650593301897,21.613490379670775,74.18249523628201
2008-07-17 10:30:00,50.623831918755876,25.372358892403703,77.97826336151839
2008-07-17 10:45:00,57.03008833352663,30.835556892787224,84.21258788443588
2008-07-17 11:00:00,51.97542773606401,26.8487320094993,77.14210507817997
2008-07-17 11:15:00,62.244418529761894,29.69756417619005,96.46931191077302
2008-07-17 11:30:00,46.91075744600721,22.44917488252202,78.23655478316925
2008-07-17 11:45:00,51.040609703607785,23.56976003331193,86.97969476414953
2008-07-17 12:00:00,59.73308178958139,34.462872407641825,87.80911187917195
2008-07-17 12:15:00,57.98708604698297,34.21409503829538,86.84390014149587
2008-07-17 12:30:00,44.153971631086314,27.555355627921685,64.61855309203106
2008-07-17 12:45:00,52.17720165168024,20.433222622898228,86.09229891608217
2008-07-17 13:00:00,52.86767034912559,15.597911666408729,86.20673116837169
2008-07-17 13:15:00,47.138750021289724,19.172135008861012,77.89700265344399
2008-07-17 13:30:00,45.02990467260997,10.874462665685952,77.65391916947635
2008-07-17 13:45:00,53.81479591512372,25.065649497489336,96.8699364588191
2008-07-17 14:00:00,50.96800422071486,24.13149454359364,82.48803037401879
2008-07-17 14:15:00,44.844137198969115,13.239198115539947,76.28228089760019
2008-07-17 14:30:00,49.37093232267148,10.366540656090969,79.27954983883885
2008-07-17 14:45:00,60.173454754377104,16.763292475025086,95.18905040799916
2008-07-17 15:00:00,52.050694855885006,25.198061978137687,82.98502016525296
2008-07-17 15:15:00,57.49231335478814,23.251328635390134,95.95687136802074
2008-07-17 15:30:00,46.345832330830824,27.55317707202095,66.719239254569
2008-07-17 15:45:00,55.33392160164226,25.3372402047605,83.664378879876
2008-07-17 16:00:00,49.811893143597395,27.589446533798863,75.28626088000028
2008-07-17 16:15:00,49.77781709740323,27.58814957177456,75.18182258368007
2008-07-17 16:30:00,60.30345280526908,37.423762742852404,87.44513239567985
2008-07-17 16:45:00,57.705007199756324,35.43496077508449,80.9167038084118
2008-07-17 17:00:00,66.75282073161435,45.42435695521865,85.22005412358342
2008-07-17 17:15:00,70.1420893949064,38.769761458133154,114.56383145735772
2008-07-17 17:30:00,79.87937839484962,54.454126659916696,114.89134570743603
2008-07-17 17:45:00,95.86954044061412,51.677967514638546,142.5442431522957
2008-07-17 18:00:00,99.65409346914552,64.44025861753182,140.97691632826835
2008-07-17 18:15:00,108.24051677477728,58.06851907479944,143.358741202118
2008-07-17 18:30:00,93.27346027283961,61.89871981666558,123.96759682687761
2008-07-17 18:45:00,73.1099223208715,45.69299694738668,111.00210770711047
2008-07-17 19:00:00,79.60950669309611,48.00550266653444,116.0753901929017
2008-07-17 19:15:00,80.23811697244993,38.807672891833505,110.84893264934486
2008-07-17 19:30:00,75.90854102770884,42.930701636005956,107.7577016360059
2008-07-17 19:45:00,87.29423247880875,42.34099999999995,116.20992288778369
2008-07-17 20:00:00,87.6409060405119,49.87985717304797,122.54858182025926
2008-07-17 20:15:00,83.12070767257221,48.07346782702918,110.421
2008-07-17 20:30:00,81.35815054166598,36.29345754829569,111.26246017025268
2008-07-17 20:45:00,74.2751557811,34.62035079917949,119.85223807451445
2008-07-17 21:00:00,69.78774774879678,33.719815061365075,104.27851409128894
2008-07-17 21:15:00,67.85697731767026,28.427694929834647,114.77195889634599
2008-07-17 21:30:00,64.99760160791278,30.526171651369797,105.4829208927304
2008-07-17 21:45:00,57.940449856912075,27.208057275648017,92.58299999999998
2008-07-17 22:00:00,67.68538023900761,30.60575262413136,110.77491763993375
2008-07-17 22:15:00,70.21509196994997,36.82873757949074,103.15301842612477
2008-07-17 22:30:00,65.74846387578025,30.499623605912678,105.976455410512
2008-07-17 22:45:00,65.41897518094497,23.967704798118422,113.18099958175776
2008-07-17 23:00:00,68.66605365417298,28.808563766505017,104.63607271731618
2008-07-17 23:15:00,68.56873055145176,32.670602057864414,103.07425381468136
2008-07-17 23:30:00,64.51852746929505,32.26009467907627,103.11722369716679
2008-07-17 23:45:00,60.49596559794589,22.952359362748542,100.08092864101765
2008-07-18 00:00:00,50.55605134428562,15.626542373828148,98.13726524616263
2008-07-18 00:15:00,43.59854232988995,10.0512201501336,87.8841859435955
2008-07-18 00:30:00,36.815264598699514,9.9,79.6894859844154
2008-07-18 00:45:00,33.36071486810589,9.9,73.30413919537365
2008-07-18 01:00:00,32.832592376045774,9.9,67.20999999999992
2008-07-18 01:15:00,30.685333333333322,4.509999999999965,64.84499999999997
2008-07-18 01:30:00,30.465333333333323,4.455000000000002,64.84499999999997
2008-07-18 01:45:00,26.876095998532147,1.0799999999999645,60.40126399596348
2008-07-18 02:00:00,23.515982773827577,0.0,51.1399138691379
2008-07-18 02:15:00,19.47668293971432,0.0,40.7347302920335
2008-07-18 02:30:00,15.542413486512693,0.0,32.443143964224255
2008-07-18 02:45:00,10.624316077145496,0.0,24.817626998051253
2008-07-18 03:00:00,9.048666666666668,0.0,19.8
2008-07-18 03:15:00,9.012,0.0,19.8
2008-07-18 03:30:00,7.065333333333325,0.0,19.16999999999996
2008-07-18 03:45:00,7.127296681471597,0.0,21.811065874046882
2008-07-18 04:00:00,6.762342740596391,0.0,18.260999999999992
2008-07-18 04:15:00,11.33729262047143,0.058786124053365696,28.16099999999999
2008-07-18 04:30:00,14.74493912796144,0.0,31.933771974622196
2008-07-18 04:45:00,9.849185223976383,0.0,21.25965239421952
2008-07-18 05:00:00,15.69433227867649,0.0,38.31308043302697
2008-07-18 05:15:00,27.322711119231414,0.0,57.38634233451414
2008-07-18 05:30:00,21.225950053388715,1.033363564008448,38.730926400778905
2008-07-18 05:45:00,25.863732252815666,3.8779418851311873,39.88250163911421
2008-07-18 06:00:00,24.330321373575963,9.723014018986053,45.80456710218214
2008-07-18 06:15:00,45.55077293728865,22.46700180907749,75.44604828611642
2008-07-18 06:30:00,35.73679882653472,16.564162679167246,57.10350489436562
2008-07-18 06:45:00,38.1460569206737,10.098352444059774,64.24325829179095
2008-07-18 07:00:00,42.68026511992388,15.534534421897307,84.13230972432203
2008-07-18 07:15:00,55.700249400781075,23.716270919204465,107.94074202456014
2008-07-18 07:30:00,51.89403676791241,22.01730048244556,88.34602112481659
2008-07-18 07:45:00,41.40864950149692,14.969767081426989,69.30389122088823
2008-07-18 08:00:00,31.849004864284204,11.888317825024984,50.219762025358925
2008-07-18 08:15:00,32.218615155957984,15.094122408752296,51.2640848119087
2008-07-18 08:30:00,25.377123709579,12.91514011772066,45.99146142545126
2008-07-18 08:45:00,24.68618671277564,3.0561588258762686,42.89602118042811
2008-07-18 09:00:00,24.766359191038216,10.141253827985233,42.0672275962549
2008-07-18 09:15:00,28.778908983580575,5.409107049095492,47.451029307120606
2008-07-18 09:30:00,28.42291631341152,9.942372397382778,47.9181278606426
2008-07-18 09:45:00,34.56750342859354,7.976610667682229,67.75006888863251
2008-07-18 10:00:00,31.17668429942752,15.106441681828167,49.211267068308665
2008-07-18 10:15:00,30.19611645884425,10.80476590029422,56.68182263526185
2008-07-18 10:30:00,28.527411517898422,7.614010170748185,59.89323802629923
2008-07-18 10:45:00,44.5348134432335,17.06394334739831,73.55694342841532
2008-07-18 11:00:00,35.18300384090059,16.890308861883838,55.832054820230574
2008-07-18 11:15:00,53.428343646397146,22.913799331300467,86.74972809210861
2008-07-18 11:30:00,52.603701791541106,25.057129463906893,82.43316562172085
2008-07-18 11:45:00,54.36556109439406,22.897384867547476,90.3912715011569
2008-07-18 12:00:00,50.3444235595495,23.87511415333957,82.58674799343899
2008-07-18 12:15:00,45.25163362531283,11.883986640365956,69.61546808592027
2008-07-18 12:30:00,46.95136644854558,17.635353096338616,78.76193168423907
2008-07-18 12:45:00,48.056644157135615,2.255329189194915,90.21454508657317
2008-07-18 13:00:00,46.674784373050606,15.700644625558418,83.37696380384723
2008-07-18 13:15:00,43.906397584141914,19.608112185610096,79.84244393790502
2008-07-18 13:30:00,51.719975939532496,27.66686831571929,85.77375322708741
2008-07-18 13:45:00,50.77878687180605,21.515782060781053,89.16822056283299
2008-07-18 14:00:00,48.914237645584954,16.42661666384175,78.47322620783268
2008-07-18 14:15:00,45.16119737136671,20.55235110113531,76.3577236745683
2008-07-18 14:30:00,51.92252387622693,17.617256208792664,85.8653264322428
2008-07-18 14:45:00,72.37289530349858,36.76493809796423,108.35016466790769
2008-07-18 15:00:00,66.85348140837662,26.240678841783215,119.35842631429847
2008-07-18 15:15:00,77.29801386590962,42.40542654308654,112.94890917260766
2008-07-18 15:30:00,70.16901397094875,29.46224406870002,101.14033095470053
2008-07-18 15:45:00,71.0274056821407,37.94728862262742,99.79986280412024
2008-07-18 16:00:00,88.00526636111049,43.83368183678955,127.06235741091386
2008-07-18 16:15:00,79.57474595888294,42.74689564710255,118.53658837514222
2008-07-18 16:30:00,78.25759299247213,42.55415906059571,112.42883057286872
2008-07-18 16:45:00,99.06930115097707,68.58860127685058,134.16169279766999
2008-07-18 17:00:00,101.27280535386726,62.7432657148454,159.7174072814229
2008-07-18 17:15:00,104.23145090602148,49.76976540722691,154.60521650701483
2008-07-18 17:30:00,106.77371154172185,57.5622581428592,155.20304496984724
2008-07-18 17:45:00,120.61677377506024,49.14028606505101,172.185
2008-07-18 18:00:00,119.49670323133417,68.60900232009746,160.94342255791935
2008-07-18 18:15:00,130.15788862202268,68.56281714614084,167.7749999999999
2008-07-18 18:30:00,125.48677933688629,68.47631659238492,165.20249999999976
2008-07-18 18:45:00,99.58113357237819,49.19654703186905,129.38387660784213
2008-07-18 19:00:00,103.0595537573143,47.65008266494983,136.10641166881547
2008-07-18 19:15:00,90.33523941073257,34.30764456216651,134.3745796801908
2008-07-18 19:30:00,85.26328383903737,41.57064906709627,134.65833552081557
2008-07-18 19:45:00,76.94598741902641,38.880137728103385,123.33053404282998
2008-07-18 20:00:00,74.01448053159591,42.09822667202082,116.77773622664245
2008-07-18 20:15:00,72.82644230182389,38.74252195221236,101.8634814104098
2008-07-18 20:30:00,84.26444573494933,44.70135533296445,115.01194760424845
2008-07-18 20:45:00,78.07512767567076,43.63364676253877,108.38133794675308
2008-07-18 21:00:00,71.10065139446505,33.76621798690768,105.35053797372055
2008-07-18 21:15:00,72.18956416093918,32.61660562080925,106.42069024516655
2008-07-18 21:30:00,72.39541149234596,28.318626825143674,107.78743933057184
2008-07-18 21:45:00,81.84439413076767,45.08791163123666,128.82442909313863
2008-07-18 22:00:00,69.19099555321493,36.338850069650604,101.88535358359084
2008-07-18 22:15:00,66.51138928855794,32.760000000000005,95.70296110838837
2008-07-18 22:30:00,66.75700750266132,35.15885173707156,102.29306287832146
2008-07-18 22:45:00,66.46293804156525,36.46852099081222,90.71968995528044
2008-07-18 23:00:00,66.39558785384757,37.50348553880373,94.16699999999999
2008-07-18 23:15:00,60.131060734230935,21.608749018398242,88.68636564395895
2008-07-18 23:30:00,60.092216596373454,29.65599999999997,87.43865304069115
2008-07-18 23:45:00,65.18955201980633,27.93397311140844,100.81100092579075
2008-07-19 00:00:00,59.29739560875045,26.38545214500603,83.82329045664152
2008-07-19 00:15:00,54.481790486130166,17.689286065552338,86.99508445762352
2008-07-19 00:30:00,48.29695619611172,14.517000000000003,72.27900000000001
2008-07-19 00:45:00,54.59625512566592,25.779524635014532,82.179
2008-07-19 01:00:00,47.533577082636086,16.60688870873103,80.71773791231892
2008-07-19 01:15:00,39.85144144528108,11.259,72.67907670593532
2008-07-19 01:30:00,35.91910917041824,12.717000000000002,66.03349582375498
2008-07-19 01:45:00,30.715678212481244,9.801,56.54511383109277
2008-07-19 02:00:00,24.28866666666666,9.801,42.77899999999997
2008-07-19 02:15:00,26.37772485542452,9.9,50.03887887795033
2008-07-19 02:30:00,26.322830326423247,9.9,51.03552942707008
2008-07-19 02:45:00,25.355687345546787,9.057758025149377,52.381436594383096
2008-07-19 03:00:00,21.4224026761532,2.218020071149036,47.96099999999999
2008-07-19 03:15:00,21.04705923721033,1.784602406628732,44.62199999999999
2008-07-19 03:30:00,16.701333333333313,0.0,44.62199999999999
2008-07-19 03:45:00,15.979244350156955,0.0,37.03679978785315
2008-07-19 04:00:00,14.64793820704526,0.0,33.28895163841743
2008-07-19 04:15:00,10.321825299605248,0.0,23.363999999999983
2008-07-19 04:30:00,9.319858909851378,0.0,23.14399999999994
2008-07-19 04:45:00,5.971812306350068,0.0,16.22771041311585
2008-07-19 05:00:00,5.926055047234838,0.0,16.911664488149306
2008-07-19 05:15:00,14.27541167705195,0.0,39.88311853371434
2008-07-19 05:30:00,11.138860712879373,0.0,25.031985542699395
2008-07-19 05:45:00,9.257931138480622,0.0,22.447217072570293
2008-07-19 06:00:00,7.263839139189097,0.0,18.115736838464873
2008-07-19 06:15:00,14.771970104096438,1.1903709726287315,25.132908536101542
2008-07-19 06:30:00,8.867279628647104,0.8599393798553763,21.88003609410412
2008-07-19 06:45:00,5.448118827180803,0.0,22.736552565815902
2008-07-19 07:00:00,7.095146114874511,0.09285865892747427,18.133790853761383
2008-07-19 07:15:00,15.42880964571352,3.539555568308191,27.20209664878371
2008-07-19 07:30:00,18.463099718895627,2.3998907250297994,37.999485800974654
2008-07-19 07:45:00,14.081439284449356,0.0,28.942149415374523
2008-07-19 08:00:00,19.81690862669549,3.1283323755093155,45.0528519852632
2008-07-19 08:15:00,14.94399964347176,0.0,33.07686845713007
2008-07-19 08:30:00,20.975961932921223,3.24,44.22566105274488
2008-07-19 08:45:00,18.214419654148415,4.379822372602862,35.7431758207241
2008-07-19 09:00:00,16.931116496161508,0.19596292887217084,35.77799736866994
2008-07-19 09:15:00,15.916391690802243,4.810258103470139,32.45705192513081
2008-07-19 09:30:00,25.417697785833063,5.754819768408096,50.764077219671314
2008-07-19 09:45:00,26.68497265855588,2.202628234282482,44.95015086474102
2008-07-19 10:00:00,37.75108212432875,12.942017106880865,74.00742799284646
2008-07-19 10:15:00,36.0875789907585,11.385817748946833,60.01424497329639
2008-07-19 10:30:00,42.75956102022071,18.347037065868616,72.56041046983245
2008-07-19 10:45:00,47.61939171403661,22.895953201625765,84.93888940494969
2008-07-19 11:00:00,57.555226812607394,32.36106091956808,89.11093774643766
2008-07-19 11:15:00,70.47344838783349,42.839248596550874,105.28423137939403
2008-07-19 11:30:00,66.20864356272621,31.851637352498592,105.57575109359752
2008-07-19 11:45:00,62.8500897400323,31.441129194455282,88.69205874961546
2008-07-19 12:00:00,53.372648982959596,30.94529729556357,78.7934433434468
2008-07-19 12:15:00,56.47832113921132,29.825817725615572,93.4155712989272
2008-07-19 12:30:00,49.95844131348283,24.038372013942862,81.66310813839665
2008-07-19 12:45:00,45.68458322323064,19.583451989789065,79.72920028978946
2008-07-19 13:00:00,43.72486061707197,22.98744625878606,67.93642381864004
2008-07-19 13:15:00,53.73756846764711,33.586140701194914,73.99290554980877
2008-07-19 13:30:00,47.25984992061822,25.032523669341366,63.36527033067875
2008-07-19 13:45:00,45.33982239253521,19.489341492518,63.88833535620292
2008-07-19 14:00:00,44.1284214148045,15.934413282596282,75.40365174765898
2008-07-19 14:15:00,37.90435130697505,14.29591755947801,59.94839928136192
2008-07-19 14:30:00,34.632078265076984,9.900000000000013,58.56485233338716
2008-07-19 14:45:00,45.812599904562376,23.651752304797604,70.53205490213811
2008-07-19 15:00:00,48.02528174642496,23.9355304684885,74.35712151019229
2008-07-19 15:15:00,45.62966318564133,21.561068307698584,73.05475518103572
2008-07-19 15:30:00,52.70628845763334,28.623462816836415,83.68194864762421
2008-07-19 15:45:00,65.54663450035906,39.501000000000005,95.80927728600177
2008-07-19 16:00:00,58.0189047196744,31.543300586386316,82.43922819130509
2008-07-19 16:15:00,57.90665739159736,36.42129224772282,80.70377036209571
2008-07-19 16:30:00,64.689540472385,47.117853231414855,89.6883133873913
2008-07-19 16:45:00,48.81672257571757,18.357759872955942,87.28118611941873
2008-07-19 17:00:00,58.11790918708572,26.56111875108611,109.62353391047355
2008-07-19 17:15:00,67.27298157765827,25.708910635273227,125.99050731775306
2008-07-19 17:30:00,71.23582009442696,44.26020625779291,108.74924015605451
2008-07-19 17:45:00,63.6594554863362,41.159428543992874,86.92239335516838
2008-07-19 18:00:00,68.78724010001922,44.962870652239786,96.43768744607458
2008-07-19 18:15:00,66.5469738738135,35.46320800792126,97.02533679796049
2008-07-19 18:30:00,75.52425739882628,50.128818622095935,102.845067761342
2008-07-19 18:45:00,63.05143348470092,29.13815332771604,93.040264425857
2008-07-19 19:00:00,57.825295416078816,26.28,90.5963939389879
2008-07-19 19:15:00,63.0133212637602,37.81935212644014,101.41723713799247
2008-07-19 19:30:00,61.3698881822538,29.25353825017728,111.6837908563472
2008-07-19 19:45:00,51.14871332142728,15.786190321069022,85.22463643129498
2008-07-19 20:00:00,54.55411281910143,24.067003836342177,86.02199999999999
2008-07-19 20:15:00,52.13291342793262,24.996085671960707,88.4850625964761
2008-07-19 20:30:00,48.4337403932664,20.75390008415367,80.67007613350746
2008-07-19 20:45:00,49.383533997687174,22.67983719361624,77.7840616705249
2008-07-19 21:00:00,51.52990721887476,26.28,82.68439473839962
2008-07-19 21:15:00,55.315556881292906,32.690807665264614,82.8889585338224
2008-07-19 21:30:00,66.15886055770018,30.327785815019425,112.14975526512129
2008-07-19 21:45:00,72.07122397397332,43.26064045855298,102.61661632721565
2008-07-19 22:00:00,64.91954188856538,38.670053354768385,90.39555674225987
2008-07-19 22:15:00,64.55788478371043,43.097233947444444,100.93792279807872
2008-07-19 22:30:00,71.34185578458774,41.344776559235584,102.92030565580957
2008-07-19 22:45:00,78.50076578151233,41.81400000000002,109.8902732471123
2008-07-19 23:00:00,70.97677205220042,35.673005586102846,99.29185465316426
2008-07-19 23:15:00,80.65619568319492,36.55891968682163,115.51184736583798
2008-07-19 23:30:00,76.21297634034005,34.44316413392848,114.15875665694668
2008-07-19 23:45:00,67.9103091864377,32.502554851771656,107.78149997786443
2008-07-20 00:00:00,62.57260188205187,28.947594297500967,94.49408312401744
2008-07-20 00:15:00,51.12242926913843,21.202535832877675,80.88300000000001
2008-07-20 00:30:00,50.647567192356064,22.44031540780677,82.86127305114587
2008-07-20 00:45:00,41.94846493802747,12.781983616976904,73.91294587595506
2008-07-20 01:00:00,41.01288590819852,10.923946346738784,82.13371120272487
2008-07-20 01:15:00,42.0864878539346,10.837810136291123,78.82152177544016
2008-07-20 01:30:00,35.49070949068449,11.768755845437433,69.94356147388571
2008-07-20 01:45:00,30.0087541474221,9.9,62.028195718876276
2008-07-20 02:00:00,24.240875518302484,5.832812236099074,47.15425433769402
2008-07-20 02:15:00,18.341451431037967,5.257579273146386,32.578333088309975
2008-07-20 02:30:00,16.998,0.0,29.700000000000003
2008-07-20 02:45:00,15.129492260808012,2.011572191763208,30.95060022130439
2008-07-20 03:00:00,15.237999999999998,0.0,35.144999999999975
2008-07-20 03:15:00,11.492770254425247,0.0,32.14799999999995
2008-07-20 03:30:00,11.250791260948587,0.0,28.78623236101545
2008-07-20 03:45:00,15.028854616447596,0.0,39.25992288700708
2008-07-20 04:00:00,12.919999999999982,0.0,34.37499999999993
2008-07-20 04:15:00,8.715761542336953,0.0,26.381111545935532
2008-07-20 04:30:00,8.981614819942848,0.0,26.19449006029347
2008-07-20 04:45:00,7.5900000000000025,0.0,19.800000000000015
2008-07-20 05:00:00,9.9,0.0,25.244999999999973
2008-07-20 05:15:00,8.345327739625507,0.0,19.94687326057228
2008-07-20 05:30:00,5.674145858157578,0.0,19.8
2008-07-20 05:45:00,5.335559311862367,0.0,16.04461004071795
2008-07-20 06:00:00,7.634825189613287,0.0,16.79400119035123
2008-07-20 06:15:00,7.052722608051678,0.0,15.71256195018805
2008-07-20 06:30:00,3.1009334775016257,0.0,10.775361751540325
2008-07-20 06:45:00,2.541612160855365,0.0,9.147083349409964
2008-07-20 07:00:00,0.42311133040809423,0.0,1.5515087539144137
2008-07-20 07:15:00,5.937240227463247,0.0,13.889761778600763
2008-07-20 07:30:00,5.4559462901872555,0.0,12.372166943435783
2008-07-20 07:45:00,6.106766390978733,0.0,10.933141263960044
2008-07-20 08:00:00,9.912943195659103,0.050179887190980536,20.80831938751307
2008-07-20 08:15:00,10.538739578603465,0.43778798285317,21.700524530334725
2008-07-20 08:30:00,13.70108173005148,0.49459925985302006,29.209722815106176
2008-07-20 08:45:00,16.10296617272637,1.1656465067573833,34.48084850406878
2008-07-20 09:00:00,17.296225416535048,2.7591203728968274,30.593333448503685
2008-07-20 09:15:00,18.274251110483494,2.0098343740522444,36.69113118997426
2008-07-20 09:30:00,16.78640452410626,2.527338957988058,31.2670554677566
2008-07-20 09:45:00,19.697058197012225,7.369965155887569,31.77997156999316
2008-07-20 10:00:00,12.446525713289365,0.2588005346657745,28.221779461134762
2008-07-20 10:15:00,23.1497353999075,8.747446314252556,39.722393866096695
2008-07-20 10:30:00,28.601435843116196,9.360480349701492,58.14757083670813
2008-07-20 10:45:00,33.04690937059899,18.45381055810495,52.81632914772439
2008-07-20 11:00:00,33.29790073083845,18.917650531518046,52.699533266936356
2008-07-20 11:15:00,28.14319872732839,16.253721987731975,44.69128960974195
2008-07-20 11:30:00,22.53500085836628,7.813781427233001,39.86709088287194
2008-07-20 11:45:00,24.265724986385727,11.648107798263133,40.36284517722367
2008-07-20 12:00:00,24.1053802679874,6.648215815192616,44.005667080068456
2008-07-20 12:15:00,23.55096994770627,3.24,43.44754955629275
2008-07-20 12:30:00,25.076612341238,9.900000000000013,36.080510753741876
2008-07-20 12:45:00,24.955300802301046,10.735447920179121,39.090079474313015
2008-07-20 13:00:00,32.49385128812216,12.794578311159938,51.156843135100274
2008-07-20 13:15:00,29.292805680391645,10.717579891896648,52.191363818655965
2008-07-20 13:30:00,26.535935802132276,7.965272405269799,47.05636969947375
2008-07-20 13:45:00,35.72743837860492,6.237000000000002,66.10484966277365
2008-07-20 14:00:00,41.082663153899766,11.648262014951422,79.85662519714927
2008-07-20 14:15:00,30.89397164472449,5.482249719019779,62.18194323896317
2008-07-20 14:30:00,32.25677538888704,9.451128615350989,51.81860991636547
2008-07-20 14:45:00,38.54206201507705,11.84734641775118,66.10421612648032
2008-07-20 15:00:00,47.206328513017155,10.747450062968104,72.78229972281149
2008-07-20 15:15:00,52.01947734277469,24.92356533204401,79.02168604315175
2008-07-20 15:30:00,47.63743255152571,13.564191916956265,80.79819422035138
2008-07-20 15:45:00,46.55887568643256,12.816000000000003,79.55542939532138
2008-07-20 16:00:00,49.319876795513764,15.069813936609197,84.98685400165695
2008-07-20 16:15:00,71.2237029726087,41.985007315003735,104.60164645069533
2008-07-20 16:30:00,78.10679012978217,45.18162485401757,104.09727667983447
2008-07-20 16:45:00,85.79091867952351,51.81246224178526,111.8873907603535
2008-07-20 17:00:00,80.8645456560875,44.60204178065218,106.23520550030675
2008-07-20 17:15:00,77.57512188530603,52.97720980207714,102.69968390283285
2008-07-20 17:30:00,86.60946957769282,62.748133221030315,113.85024652711606
2008-07-20 17:45:00,103.18736932815794,71.41555060554641,137.4509610743083
2008-07-20 18:00:00,105.2445935170319,77.70347458960768,127.36966547098484
2008-07-20 18:15:00,108.33511641176983,73.30151135457896,140.64782456487686
2008-07-20 18:30:00,104.00116724294266,67.14610597838933,146.25488496576008
2008-07-20 18:45:00,90.13782243236385,60.82772559562914,118.57340102539094
2008-07-20 19:00:00,92.05577223097787,61.68766018732897,129.09818618762415
2008-07-20 19:15:00,83.27994170344745,55.557,123.5819496984727
2008-07-20 19:30:00,82.74714258106728,59.719813049570746,111.15331852204227
2008-07-20 19:45:00,73.15141585387046,50.21916704957571,98.41125964056198
2008-07-20 20:00:00,67.82167297362601,38.53523308469582,98.89283532629834
2008-07-20 20:15:00,71.87183317948615,44.117999999999995,101.46312901850744
2008-07-20 20:30:00,81.74616117339997,51.92365115862096,141.31164104352055
2008-07-20 20:45:00,88.21949647321098,46.6669085184192,138.80357613849156
2008-07-20 21:00:00,86.59705063414711,50.119404406580564,138.28211144916466
2008-07-20 21:15:00,85.58380320881683,41.82457648056255,142.7383741717842
2008-07-20 21:30:00,102.61666373177874,65.59586568599303,153.45217055029997
2008-07-20 21:45:00,101.93031206152813,58.81926337541512,155.14686605427158
2008-07-20 22:00:00,103.40200618354702,59.9078246444546,163.37477014329144
2008-07-20 22:15:00,94.6225449176141,46.003087664403765,162.19878889575412
2008-07-20 22:30:00,76.96189540105416,27.71191782037686,139.4253301222131
2008-07-20 22:45:00,79.31580294974945,40.797000000000004,123.5178800956663
2008-07-20 23:00:00,84.77246879906198,42.417,119.97975925366143
2008-07-20 23:15:00,91.65603802511008,65.93857869591677,117.4579104351373
2008-07-20 23:30:00,84.2710741771995,50.99559551007922,135.26234743672285
2008-07-20 23:45:00,67.68170433278236,34.29900000000001,106.57492840641868
2008-07-21 00:00:00,63.24533953281259,33.54791740462589,101.64926339511287
2008-07-21 00:15:00,55.123119186257355,27.797661184560948,96.92666055899961
2008-07-21 00:30:00,46.26026553750394,26.98183234718714,69.99909822424046
2008-07-21 00:45:00,45.242253252744014,17.838000000000005,80.30363127314915
2008-07-21 01:00:00,41.66859773457288,17.044568889212243,77.98499999999999
2008-07-21 01:15:00,42.0285851573445,16.380000000000003,77.70476004422179
2008-07-21 01:30:00,37.567650246558514,10.500808389154907,73.28286602971754
2008-07-21 01:45:00,35.69088580541533,9.9,67.73892296359502
2008-07-21 02:00:00,33.11466666666666,9.9,61.347999999999956
2008-07-21 02:15:00,28.874666666666613,4.509999999999965,59.462999999999944
2008-07-21 02:30:00,25.457161993371578,4.455000000000002,55.940813794446534
2008-07-21 02:45:00,15.45126982960346,0.04499999999997032,30.268015814684126
2008-07-21 03:00:00,13.179999999999996,0.0,29.700000000000003
2008-07-21 03:15:00,13.036030045876437,0.0,31.276170527475024
2008-07-21 03:30:00,6.518374209666726,0.0,19.8
2008-07-21 03:45:00,11.203501240512173,0.0,28.17787779115238
2008-07-21 04:00:00,4.978574411824289,0.0,17.063176050675544
2008-07-21 04:15:00,5.802462476859532,0.0,16.482452325650904
2008-07-21 04:30:00,13.446595083077728,0.0,30.713538452488418
2008-07-21 04:45:00,9.060668941868693,0.0,22.76050026556697
2008-07-21 05:00:00,16.100358076933333,0.0,39.66327622075102
2008-07-21 05:15:00,18.118966239326436,0.6041817917426618,41.076893181440354
2008-07-21 05:30:00,17.30944774656387,0.03825534171720336,34.49043771675347
2008-07-21 05:45:00,19.697150745571573,2.125479349925977,45.472462076811354
2008-07-21 06:00:00,41.88540639381445,15.444912062630173,75.58898879452263
2008-07-21 06:15:00,39.879886842588085,12.632478916664288,67.96983459972077
2008-07-21 06:30:00,47.71946763302913,20.826990083950992,93.65974597175816
2008-07-21 06:45:00,44.78509288729883,17.85896563869699,76.04627380423047
2008-07-21 07:00:00,57.60912532121669,15.817414391542314,108.49836110312707
2008-07-21 07:15:00,58.74491177337991,32.52376284176459,100.49461467997205
2008-07-21 07:30:00,44.5769493498356,13.887782472694282,82.42132513884235
2008-07-21 07:45:00,45.57029149504788,20.771211960131446,63.857543083548514
2008-07-21 08:00:00,31.726539278054954,11.641212198568036,57.12825578230398
2008-07-21 08:15:00,37.78183508750469,18.518702610698284,60.33245025697754
2008-07-21 08:30:00,30.17667828399543,13.951103544658594,48.607723014436054
2008-07-21 08:45:00,33.94607630885333,10.22160864072322,67.48203253925954
2008-07-21 09:00:00,28.587910298531696,10.302501391794122,61.866383502184036
2008-07-21 09:15:00,27.84516506291857,11.740829062148336,45.565501884633974
2008-07-21 09:30:00,27.674445744904165,9.47803623935678,49.63350651076825
2008-07-21 09:45:00,28.823725175269434,12.24498865291486,52.11904742868742
2008-07-21 10:00:00,26.952419426425482,8.02774359454469,47.06816518437953
2008-07-21 10:15:00,36.61475758830974,11.1938108043833,69.89702418411537
2008-07-21 10:30:00,43.05471470721632,15.317479224232006,62.65433796064298
2008-07-21 10:45:00,68.02994920488695,36.919057553953316,95.38603831173961
2008-07-21 11:00:00,52.93353867820602,28.512700596025436,74.05290690115817
2008-07-21 11:15:00,68.83906567896989,35.278397042662355,108.11891864841436
2008-07-21 11:30:00,54.326844598700355,33.145510096443914,80.9991263428619
2008-07-21 11:45:00,54.679283720669766,36.028815534740716,77.50830000053834
2008-07-21 12:00:00,43.19132399838825,26.389679542849557,62.968646085314056
2008-07-21 12:15:00,47.272542751199026,21.690937693494927,81.84486534636963
2008-07-21 12:30:00,47.370204980451526,17.517585183193937,85.4638843091114
2008-07-21 12:45:00,41.089389027469934,22.464614256525813,64.28113617789818
2008-07-21 13:00:00,59.36053583726698,28.900526708690936,85.43759918891257
2008-07-21 13:15:00,60.344982950359274,31.498664728123018,89.44878689255347
2008-07-21 13:30:00,64.540865727625,40.65255006053814,96.84666078239847
2008-07-21 13:45:00,52.96515394948948,35.68296349776018,75.67898120432446
2008-07-21 14:00:00,40.656793840360685,20.49121178446358,66.43915494305514
2008-07-21 14:15:00,46.65420437098649,23.272117543990756,75.70948752208832
2008-07-21 14:30:00,62.87633172672852,41.42238359946358,94.34219025883876
2008-07-21 14:45:00,63.13185001808458,31.349964533603387,86.32525122202911
2008-07-21 15:00:00,50.215834138465794,18.827649977019504,74.18529797300778
2008-07-21 15:15:00,43.48530717650426,14.225014687471589,66.3495964257946
2008-07-21 15:30:00,39.196183189911466,13.431624222329976,64.06152790705713
2008-07-21 15:45:00,53.03137928820061,26.469367802766456,78.38658974689082
2008-07-21 16:00:00,39.83385482699901,20.116071313768284,60.36643528132092
2008-07-21 16:15:00,47.62616553774315,21.258,86.51582308450133
2008-07-21 16:30:00,64.28049269434372,32.36693248343509,92.0290227297871
2008-07-21 16:45:00,63.23560661334959,33.36770126208795,88.36172458891335
2008-07-21 17:00:00,87.18044626449999,52.895084592091635,126.47559700551197
2008-07-21 17:15:00,86.86360211426411,45.35582846593188,132.52820813366702
2008-07-21 17:30:00,90.27897330282504,35.55660146112229,135.60306252059866
2008-07-21 17:45:00,95.40385327848138,53.66748672782898,128.5191321897457
2008-07-21 18:00:00,103.32471238421263,65.47239513700498,144.28165491781354
2008-07-21 18:15:00,93.30951781118797,57.949246733117754,120.38186032491654
2008-07-21 18:30:00,96.83584067146668,67.20692613045813,126.02545589051886
2008-07-21 18:45:00,80.1748647607567,52.09159204199462,112.84450277956523
2008-07-21 19:00:00,73.12451556057107,46.038868724066205,103.2127466573859
2008-07-21 19:15:00,60.13434446891012,29.731889558081736,83.58858129692162
2008-07-21 19:30:00,51.19052794175374,25.133200053071263,68.64636648291295
2008-07-21 19:45:00,60.53040328973694,24.22514886505151,88.21121113329447
2008-07-21 20:00:00,56.41970535462302,35.631082671272,90.83381503187069
2008-07-21 20:15:00,68.08333842207905,34.69780584422503,110.57219923369246
2008-07-21 20:30:00,55.38910493308145,25.042672830242076,90.26800708846665
2008-07-21 20:45:00,58.65738047793039,27.150639641232853,91.50124137742014
2008-07-21 21:00:00,63.195509882692214,31.793509994988323,92.41646487961386
2008-07-21 21:15:00,65.05345935224412,34.074000000000005,90.83413061901888
2008-07-21 21:30:00,63.675856580397884,38.622187454686404,87.48515241544055
2008-07-21 21:45:00,52.70651875011697,31.101120113741164,79.41170585275913
2008-07-21 22:00:00,54.52195264327576,30.444141306392112,82.26243197218331
2008-07-21 22:15:00,53.39701548610377,23.95194227068222,82.50299999999999
2008-07-21 22:30:00,54.705863050847675,22.29561961093711,91.25243728567781
2008-07-21 22:45:00,58.24844820299193,25.566904105569293,85.8290279484272
2008-07-21 23:00:00,54.82966312256256,26.280000000000015,82.58086815194754
2008-07-21 23:15:00,46.128138178570545,24.94022411294645,73.15491339908215
2008-07-21 23:30:00,39.0144579760765,9.803929746516815,67.44654605558009
2008-07-21 23:45:00,40.41391893058463,11.091507207229668,72.19250720722967
2008-07-22 00:00:00,40.47469509953508,7.938000000000001,72.279
2008-07-22 00:15:00,40.14045832295844,11.178,74.97107559188021
2008-07-22 00:30:00,37.32717192323118,9.845999999999972,72.25285025961722
2008-07-22 00:45:00,31.894032955580037,9.801,55.11950646003388
2008-07-22 01:00:00,27.427210037233895,9.801,46.08000000000001
2008-07-22 01:15:00,24.12686927399201,9.801,46.08
2008-07-22 01:30:00,22.289999999999978,9.801,39.041999999999966
2008-07-22 01:45:00,26.76951834039743,6.698204654100765,52.74
2008-07-22 02:00:00,21.143181010732896,2.9160000000000297,45.40223273213173
2008-07-22 02:15:00,21.26457837857855,0.3176608062295331,47.066208312388355
2008-07-22 02:30:00,17.563333333333325,0.0,39.6
2008-07-22 02:45:00,17.16,0.0,39.6
2008-07-22 03:00:00,14.160137310590732,0.0,29.700000000000003
2008-07-22 03:15:00,6.466307437533406,0.0,19.89999999999993
2008-07-22 03:30:00,4.903333333333335,0.0,19.8
2008-07-22 03:45:00,6.400264589671756,0.0,21.23008801494204
2008-07-22 04:00:00,4.735711784172016,0.0,19.8
2008-07-22 04:15:00,4.666061312693074,0.0,16.81195379565116
2008-07-22 04:30:00,5.473120275155027,0.0,11.69241247409634
2008-07-22 04:45:00,5.094858676841351,0.0,10.432152856011438
2008-07-22 05:00:00,11.550589933647112,0.4484991975555444,30.005702065750427
2008-07-22 05:15:00,17.872857431533472,1.2789769243681812e-14,45.88691134470935
2008-07-22 05:30:00,14.775520747784208,0.0,36.92453021049232
2008-07-22 05:45:00,12.730984396223384,2.2323896813240998,29.511507848521497
2008-07-22 06:00:00,18.576494078725275,2.409993669316929,39.25807567499764
2008-07-22 06:15:00,32.07533152159822,8.208259801468085,53.94322746598056
2008-07-22 06:30:00,31.08639605366443,15.302607316935728,50.621366951755135
2008-07-22 06:45:00,45.44586232635602,19.102463416588908,76.55067235369816
2008-07-22 07:00:00,38.79474856852317,16.616465872577898,76.53544250031585
2008-07-22 07:15:00,41.46889251235666,11.51182862996235,71.7930201975728
2008-07-22 07:30:00,41.6029777934947,13.864895842810403,70.31804442393981
2008-07-22 07:45:00,36.735947638734054,7.648501071858228,69.14972911183818
2008-07-22 08:00:00,29.183174552033474,11.22673096236624,44.78214984721373
2008-07-22 08:15:00,32.12825920715897,8.93008051810457,61.8477339379098
2008-07-22 08:30:00,27.444912127765402,0.9061833223388589,61.76200176951055
2008-07-22 08:45:00,28.668949295175253,8.137120572907534,64.05971173087133
2008-07-22 09:00:00,30.812451859641047,10.840414307389295,54.2386063215863
2008-07-22 09:15:00,38.126915116601744,13.295595494761502,70.61080747164209
2008-07-22 09:30:00,40.07561152351336,14.176585331857934,65.46138628163435
2008-07-22 09:45:00,36.2701558368749,13.78412618865975,60.038272388091855
2008-07-22 10:00:00,36.69574414397326,8.831767240529834,64.5399326129362
2008-07-22 10:15:00,36.44654429431734,18.32050906455823,61.795233698419615
2008-07-22 10:30:00,38.58568958427749,19.856753316697098,59.29926851150976
2008-07-22 10:45:00,45.15402557215993,20.026837125375177,72.18678053006136
2008-07-22 11:00:00,46.744955254187126,21.307916567179078,72.39056328653693
2008-07-22 11:15:00,72.19542455271674,30.842021926756612,108.78631976038622
2008-07-22 11:30:00,67.83535766835612,41.25637227565399,93.43670386972639
2008-07-22 11:45:00,56.72879694076166,34.13758826459293,79.86907689564315
2008-07-22 12:00:00,62.12416969464246,32.685788287675514,94.8462813098923
2008-07-22 12:15:00,51.86518972688813,24.901754368514965,75.95688101240737
2008-07-22 12:30:00,45.223912662661036,19.334704168192296,76.1997228405045
2008-07-22 12:45:00,36.654538616369194,17.47924209536287,68.98492293093108
2008-07-22 13:00:00,47.95446341797354,30.52024838695028,75.81256393448307
2008-07-22 13:15:00,43.7284101656458,24.28583270845514,66.31775655629822
2008-07-22 13:30:00,34.35857658075422,5.866874236996514,64.66906144437043
2008-07-22 13:45:00,33.36072601273107,8.887725167482905,61.86078352189041
2008-07-22 14:00:00,28.69588735584317,6.48,54.39272342371691
2008-07-22 14:15:00,33.49953524040797,9.03913382362417,63.977077911659954
2008-07-22 14:30:00,42.50474985283613,11.626864948354127,66.89252899359296
2008-07-22 14:45:00,49.60060717278198,16.15239952491866,73.92332501781365
2008-07-22 15:00:00,57.82240261519523,18.915850463830996,95.60876134883198
2008-07-22 15:15:00,47.63160325453179,15.214330113739328,77.743330775796
2008-07-22 15:30:00,53.62078821389221,25.26006630871219,85.6748028981709
2008-07-22 15:45:00,64.45679908026572,28.471456675877732,98.20909061077124
2008-07-22 16:00:00,62.12004281404094,19.767476707273744,103.40598993676683
2008-07-22 16:15:00,63.2117873726771,28.88759644054219,92.21273443154439
2008-07-22 16:30:00,60.038446072860374,26.31211609625719,93.5811093877863
2008-07-22 16:45:00,75.76542206169066,39.464585438746184,98.28446469044914
2008-07-22 17:00:00,78.75803582084498,35.95478424624272,115.27555716596828
2008-07-22 17:15:00,86.40787929644662,58.84009531778173,125.36925758008621
2008-07-22 17:30:00,100.97559227555408,59.37391529761331,155.06091204423493
2008-07-22 17:45:00,95.91825805085118,52.74837126693756,138.5352426661936
2008-07-22 18:00:00,102.18361726952755,66.48480308732748,138.32613129120958
2008-07-22 18:15:00,111.08750716347552,73.12396981736144,155.7701434940497
2008-07-22 18:30:00,106.39317981747513,53.83828403800074,147.3624356489899
2008-07-22 18:45:00,91.97849934116844,55.24699708971415,123.02825146682729
2008-07-22 19:00:00,91.95205764626606,69.62776650456287,135.19870996107818
2008-07-22 19:15:00,89.13124777728825,56.2702499042154,120.91551569858032
2008-07-22 19:30:00,71.10680474605006,33.3337726051648,100.83407997774428
2008-07-22 19:45:00,68.76479513649845,34.08725623172881,102.31889405485721
2008-07-22 20:00:00,64.75650457776551,35.694249039688934,101.82366986477894
2008-07-22 20:15:00,68.09483147972475,42.61288531581136,101.67954377446227
2008-07-22 20:30:00,55.19892972267813,22.45979259284371,87.99500433536052
2008-07-22 20:45:00,67.661422498518,30.783469503837203,111.30918495580902
2008-07-22 21:00:00,59.99683575569521,29.639496928566732,97.26845665521314
2008-07-22 21:15:00,59.17172234111913,26.28,86.24532597330928
2008-07-22 21:30:00,56.25908134007772,31.69030284893424,81.20374603513203
2008-07-22 21:45:00,60.98126309514916,35.23837799419644,87.44550838742508
2008-07-22 22:00:00,72.01105327947795,50.33807987799699,98.63211479817828
2008-07-22 22:15:00,64.58856421246438,40.14065549948343,92.42231919720679
2008-07-22 22:30:00,58.499671342570736,37.18910765380839,89.5997471478553
2008-07-22 22:45:00,56.502620055228554,35.49186475895818,83.02348040102295
2008-07-22 23:00:00,49.14121275669454,20.557404290749027,74.31211357965846
2008-07-22 23:15:00,46.95425474360381,21.539352048996225,65.89469833178251
2008-07-22 23:30:00,40.04407919211076,17.41651320565218,66.13916343488798
2008-07-22 23:45:00,38.03052679829013,16.086543453110778,59.901775921874645
2008-07-23 00:00:00,35.14874760362521,11.737330658506075,59.95365907773763
2008-07-23 00:15:00,36.08107553003561,9.9,62.05707423649727
2008-07-23 00:30:00,30.906673510381065,10.124650449757171,49.42514380928363
2008-07-23 00:45:00,24.138,9.9,39.843
2008-07-23 01:00:00,21.85426667577693,8.019000000000002,36.81812670638102
2008-07-23 01:15:00,20.387351290774244,5.525447400078591,36.18000000000001
2008-07-23 01:30:00,17.235145086217994,0.8035764439904804,33.182999999999986
2008-07-23 01:45:00,15.682111726424731,0.0,28.42598144660137
2008-07-23 02:00:00,12.918000000000001,0.0,26.28
2008-07-23 02:15:00,14.024362511776905,0.0,28.88785449204554
2008-07-23 02:30:00,12.864666666666666,0.0,25.55999999999997
2008-07-23 02:45:00,11.768666666666656,0.0,21.97799999999996
2008-07-23 03:00:00,11.93847251509178,0.0,24.821999999999992
2008-07-23 03:15:00,9.885549990219708,0.0,19.8
2008-07-23 03:30:00,9.035115858891354,0.0,18.837866299290493
2008-07-23 03:45:00,7.85130281551604,0.0,17.757357549849356
2008-07-23 04:00:00,6.557822107081064,0.0,13.647510403950532
2008-07-23 04:15:00,10.478469775103873,0.0,27.13891935236734
2008-07-23 04:30:00,9.424896134671751,0.0,22.24095404112167
2008-07-23 04:45:00,8.898837545361562,0.0,19.33775040773852
2008-07-23 05:00:00,13.943355422834271,0.0,45.0336128536871
2008-07-23 05:15:00,12.96298941883312,0.20431861249228594,35.77999999999992
2008-07-23 05:30:00,4.7169918902888,0.0,16.18705129995902
2008-07-23 05:45:00,11.692469130085264,0.0,30.742126674265794
2008-07-23 06:00:00,22.333884354304452,3.9097176280003616,42.19607630650917
2008-07-23 06:15:00,31.32804357671423,10.072571935067593,56.318125328492656
2008-07-23 06:30:00,39.84355075855142,16.740126827384415,66.48510459903584
2008-07-23 06:45:00,41.825693000923856,24.50435148369525,62.05992924620517
2008-07-23 07:00:00,37.837066223360026,18.176543232993502,62.41841802991454
2008-07-23 07:15:00,25.551342826130597,8.04156149778787,42.14279069575173
2008-07-23 07:30:00,36.97045443068369,13.70760468343699,66.21017919471431
2008-07-23 07:45:00,36.69909187889187,19.418578876164528,59.40552102244922
2008-07-23 08:00:00,34.17127260543046,12.984319263697117,55.98788997940231
2008-07-23 08:15:00,26.75128033782152,10.410566828992152,44.49914869090406
2008-07-23 08:30:00,28.323740559843046,14.640669781867539,42.83518562869428
2008-07-23 08:45:00,24.690973315587986,7.565505636611515,48.147439540464376
2008-07-23 09:00:00,28.34196324689054,12.615875102387704,45.388769013433155
2008-07-23 09:15:00,28.10171384958504,10.82064891757639,53.86267771869399
2008-07-23 09:30:00,26.67723864909401,10.064056387300685,47.44198819740646
2008-07-23 09:45:00,29.471526817535615,11.605257518587843,47.04770385443099
2008-07-23 10:00:00,33.873079412273036,13.15151830193659,57.28954776600573
2008-07-23 10:15:00,39.67330148910575,19.55192439306242,65.27732449135365
2008-07-23 10:30:00,43.50976959907406,23.22196759591381,71.08685749253452
2008-07-23 10:45:00,56.7648871034888,24.69044334021092,92.93992995377785
2008-07-23 11:00:00,52.514668709982104,30.274318979051518,76.39192232373006
2008-07-23 11:15:00,47.88599084832565,28.630847294125626,75.29239118426455
2008-07-23 11:30:00,56.47617251324322,33.225743911223304,88.18089373430678
2008-07-23 11:45:00,56.525208535517194,32.6197272953393,83.59934983599089
2008-07-23 12:00:00,47.1017407814059,18.49804776855396,73.52081110029398
2008-07-23 12:15:00,43.85959233988562,12.002437065155103,69.19311566457506
2008-07-23 12:30:00,41.82860674463665,21.059646110190247,71.80325280163697
2008-07-23 12:45:00,45.47734878096735,17.555455062267125,75.43569312359959
2008-07-23 13:00:00,35.917928085590155,13.858125611369951,53.734783690130534
2008-07-23 13:15:00,44.33675610268015,12.478695401071896,82.17299651454887
2008-07-23 13:30:00,46.12161899530247,17.667575816737,72.20441561516262
2008-07-23 13:45:00,41.639310272037825,9.659394280668872,68.34752890159179
2008-07-23 14:00:00,41.36696737909679,17.699331598167216,69.6077325376028
2008-07-23 14:15:00,51.82245322077079,23.04,86.78924380767916
2008-07-23 14:30:00,49.37207309704226,23.148960283118132,84.18097242440973
2008-07-23 14:45:00,48.225870820673514,24.28863021638126,71.2352143761024
2008-07-23 15:00:00,50.27475621857399,27.55882359507541,75.22115602474135
2008-07-23 15:15:00,48.78675011135358,24.942347580704748,72.65379494378382
2008-07-23 15:30:00,43.512399114329504,21.08671329626801,59.40978710245709
2008-07-23 15:45:00,55.20002817623798,21.50555263476016,83.68263626743104
2008-07-23 16:00:00,53.5556963206667,23.327158213531746,87.69086389988522
2008-07-23 16:15:00,49.86060989682343,20.8638828892003,87.05051471082776
2008-07-23 16:30:00,57.86930074273354,31.511437083483113,100.65452184320019
2008-07-23 16:45:00,71.21422000833013,37.75323816601066,113.19782709717217
2008-07-23 17:00:00,59.56468995937765,34.03905945947631,99.95194832610088
2008-07-23 17:15:00,77.07216502314249,37.934466239183486,111.21019277377569
2008-07-23 17:30:00,94.57035759566298,65.66329653801169,136.01844047846086
2008-07-23 17:45:00,101.39248857256005,54.26293950545597,146.98363677924385
2008-07-23 18:00:00,105.68698922491275,62.96479637417828,147.1684514992009
2008-07-23 18:15:00,89.01087370339964,55.97261067007652,122.72803881043808
2008-07-23 18:30:00,108.38189382904784,74.15618069775704,139.46705133705342
2008-07-23 18:45:00,112.41006991395791,64.54883053426687,153.77368931381145
2008-07-23 19:00:00,92.70898382995189,41.7048599710183,129.28271868707913
2008-07-23 19:15:00,84.77605883394058,34.488836768430104,124.21129000833834
2008-07-23 19:30:00,80.65232241284168,41.99945882451711,121.91599716998529
2008-07-23 19:45:00,84.87965042135392,49.44057341524595,128.7979512091407
2008-07-23 20:00:00,91.43836682896989,61.98593408569429,126.32208310195183
2008-07-23 20:15:00,78.3082901167659,41.00883416711125,115.80074515958782
2008-07-23 20:30:00,84.97867867398688,38.99333038628453,126.08445059481491
2008-07-23 20:45:00,81.18438504156123,41.63459121545894,124.49758838210856
2008-07-23 21:00:00,68.71728419764858,28.778793563917095,110.8493733121856
2008-07-23 21:15:00,57.02378713810086,25.851584576512057,89.47984173415104
2008-07-23 21:30:00,60.608542952248946,26.09789474881042,90.73919611106618
2008-07-23 21:45:00,54.689214931442145,21.768970516309256,84.26849053999692
2008-07-23 22:00:00,64.50998818580814,30.979033835800728,87.73799421261941
2008-07-23 22:15:00,58.96707712742634,20.781175045665233,87.3377721089398
2008-07-23 22:30:00,67.14962754616276,17.646141945797645,101.31712700519613
2008-07-23 22:45:00,69.2856485839904,25.707599347878862,111.79569779855423
2008-07-23 23:00:00,68.57437491788022,21.24136991778331,109.01005022697004
2008-07-23 23:15:00,63.179634268798736,35.3465368003768,96.18071509650206
2008-07-23 23:30:00,55.20476931389644,28.032295846281748,85.23672380091246
2008-07-23 23:45:00,47.76639655301721,24.403913547341418,74.39089497615214
2008-07-24 00:00:00,44.001454161977755,23.442620487901994,69.30000000000003
2008-07-24 00:15:00,42.11105794753228,26.11439215573757,68.8773718435759
2008-07-24 00:30:00,40.507473155867935,17.446436401187196,66.33406333341249
2008-07-24 00:45:00,34.345857571308514,9.9,61.74300525968532
2008-07-24 01:00:00,28.239653051329434,7.449117946905216,51.917720921200214
2008-07-24 01:15:00,23.18242103664282,2.9346258650213195,41.341812723835744
2008-07-24 01:30:00,20.491018925270602,4.1922013720842894,39.6
2008-07-24 01:45:00,15.33054515517197,0.0,29.799999999999937
2008-07-24 02:00:00,14.927227228448972,0.0,26.86725511254799
2008-07-24 02:15:00,11.698123818418301,0.0,19.80000000000003
2008-07-24 02:30:00,10.890000000000002,0.0,19.8
2008-07-24 02:45:00,10.890000000000002,0.0,19.8
2008-07-24 03:00:00,10.563333333333333,0.0,19.8
2008-07-24 03:15:00,10.560000000000002,0.0,19.8
2008-07-24 03:30:00,9.878332299127216,0.0,19.8
2008-07-24 03:45:00,7.991494094903712,0.0,19.8
2008-07-24 04:00:00,8.90227126426125,0.0,19.8
2008-07-24 04:15:00,7.864908963032009,0.0,26.995118985444222
2008-07-24 04:30:00,4.8892053489502505,0.0,20.64572827663888
2008-07-24 04:45:00,7.8904447191262035,0.0,23.079784256388695
2008-07-24 05:00:00,4.926711106399754,0.0,18.99085835644748
2008-07-24 05:15:00,9.704345399443826,0.0,40.986475037673756
2008-07-24 05:30:00,14.101450791358472,0.0,48.27528627563644
2008-07-24 05:45:00,7.315970517920849,0.0,22.12725474292563
2008-07-24 06:00:00,19.075224838857547,3.3539323731214195,34.3760856993286
2008-07-24 06:15:00,29.883874124625823,10.185176071388545,55.68918465852482
2008-07-24 06:30:00,29.55643429854787,18.195494939172548,45.5886312626209
2008-07-24 06:45:00,35.361030863394575,11.140712514828877,66.17079998144222
2008-07-24 07:00:00,30.13910892976761,12.977233704581396,54.420685461637305
2008-07-24 07:15:00,35.90319801373372,10.966727754322562,55.45930323284694
2008-07-24 07:30:00,28.35962287690368,9.453354686688776,50.105460491111465
2008-07-24 07:45:00,32.25230066929831,9.807388469191801,56.43659508063358
2008-07-24 08:00:00,20.60927662912926,8.446095014805334,36.18778924938952
2008-07-24 08:15:00,16.592694197604278,0.0,32.264705092850285
2008-07-24 08:30:00,15.466470022799509,1.4580000000000006,32.5656079795531
2008-07-24 08:45:00,14.26537226663866,0.9410379150218641,34.502259707264926
2008-07-24 09:00:00,25.63225076093155,4.524491791630784,49.32896094948651
2008-07-24 09:15:00,27.335337241633628,12.462692085328232,46.764920449566716
2008-07-24 09:30:00,29.454862204851334,8.951986202662408,53.73314193179925
2008-07-24 09:45:00,25.285989764980048,9.521548127034512,41.24962969739726
2008-07-24 10:00:00,22.527964185044166,9.732310498788928,40.81278895824249
2008-07-24 10:15:00,42.29256514945999,20.161478203751045,63.92924160957516
2008-07-24 10:30:00,44.915310912700065,20.12543158261815,80.65492928569498
2008-07-24 10:45:00,52.03157926899281,31.58600411938952,75.99427300152533
2008-07-24 11:00:00,55.24674162282916,30.174011084973085,83.44439232716944
2008-07-24 11:15:00,57.43893597977618,25.832287090291018,88.36973506423523
2008-07-24 11:30:00,70.2134800198189,36.2008436006406,110.50457926442357
2008-07-24 11:45:00,52.06466770055269,37.51308681145801,70.8355911201925
2008-07-24 12:00:00,53.50944721969035,24.90285699092111,80.62517364625582
2008-07-24 12:15:00,67.02760667910262,20.283620466911483,103.23085845767658
2008-07-24 12:30:00,58.1625659009278,24.60916207222517,95.97151783222023
2008-07-24 12:45:00,65.94825209146629,40.817713510246264,93.42935138033303
2008-07-24 13:00:00,44.68590157596566,22.801029175618655,64.83544198171458
2008-07-24 13:15:00,38.74799991549241,18.856847761395656,58.178748079255776
2008-07-24 13:30:00,39.98720859831977,22.519116973092277,59.26379810045855
2008-07-24 13:45:00,38.396697393085134,15.650842310747603,61.78736393213294
2008-07-24 14:00:00,45.315978397315554,26.658168647805574,68.77534293017325
2008-07-24 14:15:00,51.857079059876966,23.781222489961905,79.44451770136368
2008-07-24 14:30:00,56.66350103135685,22.207821579396423,92.58583701154085
2008-07-24 14:45:00,58.20111231875014,31.749315421254952,85.4749750180497
2008-07-24 15:00:00,54.97713256159534,30.164768609164607,84.43223962801976
2008-07-24 15:15:00,49.02736712516153,27.234249664249873,69.80555941771502
2008-07-24 15:30:00,36.760476432961816,13.904992651847298,53.222244951609646
2008-07-24 15:45:00,49.64085283340841,26.08578092971832,70.05821312623145
2008-07-24 16:00:00,46.5582889198297,25.263471187841386,66.9368807257986
2008-07-24 16:15:00,52.29688282361243,26.967813716839434,71.69514660047945
2008-07-24 16:30:00,50.747986463072365,27.24536094536301,74.71243046995981
2008-07-24 16:45:00,64.0019693751873,37.958180418434566,98.65046619468826
2008-07-24 17:00:00,82.16425460563434,44.31026182427843,115.2361578719941
2008-07-24 17:15:00,78.53948349957065,36.32816199499271,108.70220578133387
2008-07-24 17:30:00,75.85188247382438,48.11053374360928,107.5631163175557
2008-07-24 17:45:00,76.9051620120865,43.880430275117504,126.26190768513014
2008-07-24 18:00:00,102.83210265840464,53.81469601404969,125.25109012871282
2008-07-24 18:15:00,106.54627576971025,70.30340309422057,139.87035221978385
2008-07-24 18:30:00,98.66035555540593,62.76298253811938,130.86877471301318
2008-07-24 18:45:00,109.09653636942932,59.51689980456876,153.79288494009546
2008-07-24 19:00:00,100.29640950602746,55.9663419025926,132.88241425149238
2008-07-24 19:15:00,91.9853407874377,50.4194282846969,127.5565103777791
2008-07-24 19:30:00,66.59958138252483,30.608302751308607,100.26808998360356
2008-07-24 19:45:00,68.78123796233557,46.31571623592982,94.28056669367885
2008-07-24 20:00:00,63.142247869721146,43.19049696161802,91.8453233929074
2008-07-24 20:15:00,65.25544446400735,40.330708740632055,97.06558700237024
2008-07-24 20:30:00,65.3918518236295,28.09653936061593,99.28504027935188
2008-07-24 20:45:00,48.624045463201746,23.705437350478604,76.00369501497815
2008-07-24 21:00:00,45.268730135323345,13.412468425312367,70.54976107264721
2008-07-24 21:15:00,53.40530418236166,22.89342266120808,89.49804261706048
2008-07-24 21:30:00,60.678436721433066,29.071582398043066,101.30891557717935
2008-07-24 21:45:00,60.85047769464807,27.292832639650978,104.30376013899205
2008-07-24 22:00:00,68.62043453640676,36.9908681849727,110.60191828158743
2008-07-24 22:15:00,74.46939321535972,39.20328098763615,105.33836646857769
2008-07-24 22:30:00,65.50683921940517,31.965231286933225,100.9715234815526
2008-07-24 22:45:00,69.85064507658169,37.660305882386396,106.6294358947868
2008-07-24 23:00:00,68.0477744238533,34.305855705875466,113.80999937844875
2008-07-24 23:15:00,53.681182696240505,22.72402653917457,87.98548734174355
2008-07-24 23:30:00,50.48605187254284,30.996039972150175,83.21945996724187
2008-07-24 23:45:00,49.23196368394928,23.44600594474113,84.12399028022645
2008-07-25 00:00:00,49.15658877103466,19.8,76.20299999999999
2008-07-25 00:15:00,45.45792173577849,19.8,71.2579919190014
2008-07-25 00:30:00,47.266428968760756,19.8,78.69029638714362
2008-07-25 00:45:00,49.117768581800796,19.8,82.61590510738074
2008-07-25 01:00:00,44.85212264270002,19.8,76.32677760652291
2008-07-25 01:15:00,37.12768765651813,19.8,57.732594281034686
2008-07-25 01:30:00,28.47027953037061,12.837304412576454,48.02444249325846
2008-07-25 01:45:00,29.850000000000005,12.96,49.5
2008-07-25 02:00:00,29.850000000000005,12.96,49.5
2008-07-25 02:15:00,31.703959390842595,17.233917380784035,53.81248789750757
2008-07-25 02:30:00,28.082304533621556,11.092058594188323,47.96099999999999
2008-07-25 02:45:00,22.11266666666665,6.48,43.20899999999995
2008-07-25 03:00:00,21.429333333333332,6.48,43.16399999999998
2008-07-25 03:15:00,19.675999999999984,2.3999999999999204,43.16399999999998
2008-07-25 03:30:00,19.116,0.0,43.16399999999998
2008-07-25 03:45:00,20.925984494176433,1.0799999999999645,47.47255445419979
2008-07-25 04:00:00,15.036421377133468,0.0,36.597365970385106
2008-07-25 04:15:00,16.270793448453986,0.0,44.274999999999935
2008-07-25 04:30:00,14.819911488457603,0.0,46.16603668022708
2008-07-25 04:45:00,13.94625593311972,0.0,39.90883853570371
2008-07-25 05:00:00,23.927235779408342,0.0,64.61823084132358
2008-07-25 05:15:00,21.367594108443434,1.0340364073884993,51.93605579701263
2008-07-25 05:30:00,15.758601140325984,6.394884621840904e-15,49.256049093348366
2008-07-25 05:45:00,10.623373960266607,0.02018430819445028,26.4182816410591
2008-07-25 06:00:00,18.693051681645443,1.3992013158197845,30.426474368418198
2008-07-25 06:15:00,25.67865554869246,9.548111740670963,42.57626406866618
2008-07-25 06:30:00,30.756080630766494,8.801001376032255,49.19358557917622
2008-07-25 06:45:00,45.565734713253995,21.611209016520085,72.78141962599837
2008-07-25 07:00:00,42.82840233061687,24.15809649650953,58.93957030704779
2008-07-25 07:15:00,32.332996524896785,11.515871033677268,59.39674755644685
2008-07-25 07:30:00,21.590892140442453,2.981300677133023,49.05355929601693
2008-07-25 07:45:00,20.258102196121463,4.3944362028671335,40.72297682682937
2008-07-25 08:00:00,18.34510992678299,1.6935737852380832,37.63035135286916
2008-07-25 08:15:00,13.819082034153439,0.6278338502640597,32.88321990955566
2008-07-25 08:30:00,13.530321124003724,3.8773325991709444,22.607121782241972
2008-07-25 08:45:00,18.869159594845673,5.980954337006931,35.44785174656714
2008-07-25 09:00:00,26.73620029463648,3.348607711760029,51.70922714569936
2008-07-25 09:15:00,22.141874459456826,7.552823040882412,40.039609074603234
2008-07-25 09:30:00,26.37279329942672,10.300130888351521,42.32338080927681
2008-07-25 09:45:00,35.1083865883717,11.428512243527157,57.439768558681806
2008-07-25 10:00:00,29.05816492509978,14.794730766078441,52.37004430198812
2008-07-25 10:15:00,38.52792110847136,12.278864394870814,74.60330187121002
2008-07-25 10:30:00,46.228246161260586,15.413006503257598,79.75899674586579
2008-07-25 10:45:00,53.51721036921395,27.617626607274616,88.66692230932148
2008-07-25 11:00:00,48.6757080597952,32.12217847365354,69.60418026026869
2008-07-25 11:15:00,64.1890098807006,34.01449424158262,95.08062652622091
2008-07-25 11:30:00,64.67227662874308,42.11894163124651,98.00626730405966
2008-07-25 11:45:00,42.332242892477815,21.600560073596426,61.7094616320727
2008-07-25 12:00:00,40.28098238186782,18.731423919466756,62.72878080158196
2008-07-25 12:15:00,32.05531360169457,9.249318795623784,56.88890532495706
2008-07-25 12:30:00,34.40994757586682,13.705406524056853,59.48819291367482
2008-07-25 12:45:00,37.908150626932056,10.348099299831889,65.77034238813715
2008-07-25 13:00:00,39.37741849400454,19.907514494094873,63.66003701434069
2008-07-25 13:15:00,54.18344864624192,25.341286768442142,85.43894948991985
2008-07-25 13:30:00,45.353359617925314,22.481182425079158,71.72594630750231
2008-07-25 13:45:00,53.41830037215956,26.153072986302902,85.24132022815036
2008-07-25 14:00:00,46.152445625450206,23.34975109581738,69.70676791038085
2008-07-25 14:15:00,53.81784380321794,21.455341423439435,87.2783258582168
2008-07-25 14:30:00,57.965754533533314,33.222077996325346,83.15437953206714
2008-07-25 14:45:00,63.26511036554471,36.05041293806906,97.52608492572628
2008-07-25 15:00:00,49.66120878196446,21.194137704268,80.63301712788183
2008-07-25 15:15:00,53.82553541546706,29.77916840160346,80.63559001118662
2008-07-25 15:30:00,52.949053180033836,24.41799533069901,78.57144563924203
2008-07-25 15:45:00,58.11186784129929,29.700000000000003,87.33512063542528
2008-07-25 16:00:00,60.93910871011744,31.077000000000005,94.96990275416432
2008-07-25 16:15:00,57.69281204852833,31.33547130420835,92.76826475343549
2008-07-25 16:30:00,69.47828321786541,40.509366205606014,98.73931339633448
2008-07-25 16:45:00,81.02921863171441,42.154781456288305,112.1060650863342
2008-07-25 17:00:00,97.48300485643496,59.948292774515956,139.4296428953553
2008-07-25 17:15:00,112.95679121194634,51.546475829521434,165.92511529443
2008-07-25 17:30:00,99.91570280983235,43.13237175006968,167.46620331045182
2008-07-25 17:45:00,133.5266729851782,79.66544213469211,172.13250000000014
2008-07-25 18:00:00,127.39183245499562,76.9062588016693,169.51634556819295
2008-07-25 18:15:00,120.97810407204096,64.76950314885832,167.7225
2008-07-25 18:30:00,105.53359303527373,58.01526423730304,155.51274564246185
2008-07-25 18:45:00,96.37934264984509,51.335003071709366,147.9388224318801
2008-07-25 19:00:00,74.12123959312353,42.07807636313724,111.94250147529496
2008-07-25 19:15:00,65.76025757833536,24.672033024689544,99.5946254781487
2008-07-25 19:30:00,54.605509392909994,17.409265067419724,87.26540859693115
2008-07-25 19:45:00,68.62170909844527,19.868769837512396,102.80949401803474
2008-07-25 20:00:00,70.26172720075003,22.375950201789074,106.14469890817531
2008-07-25 20:15:00,73.65667463915533,15.093443951472867,118.0406822617571
2008-07-25 20:30:00,70.92066308129156,22.75972009127117,111.96027978615294
2008-07-25 20:45:00,54.645401221934094,19.684700569461324,84.85907424066076
2008-07-25 21:00:00,64.33451259837872,28.432012614351816,98.91489531441178
2008-07-25 21:15:00,59.466184938175864,29.520000000000003,93.0579457833429
2008-07-25 21:30:00,63.458917795522034,33.77425626127545,93.31098515642931
2008-07-25 21:45:00,67.52846827445066,33.74933146926416,98.10888935186908
2008-07-25 22:00:00,67.28590363075344,42.66000000000002,100.26314637858096
2008-07-25 22:15:00,73.21431493353923,38.37389557227072,106.97000883000233
2008-07-25 22:30:00,69.29186949053374,33.327766641512405,105.2420201363146
2008-07-25 22:45:00,76.03812921862534,42.83899594241898,115.2082886924126
2008-07-25 23:00:00,71.98635492122249,40.57552577955266,113.79903654669475
2008-07-25 23:15:00,65.43174163730477,35.544371229825856,103.99977085043771
2008-07-25 23:30:00,78.16207061374891,36.06124045562572,128.25373337454226
2008-07-25 23:45:00,60.84282403429089,35.57720377838588,88.72798278567294
2008-07-26 00:00:00,54.225671209271766,32.59847197791499,76.48146294423381
2008-07-26 00:15:00,52.964800447903116,27.154700405287123,78.58570567912928
2008-07-26 00:30:00,52.88827708853357,26.181,77.57009074701212
2008-07-26 00:45:00,47.81814818400321,17.980615808117573,73.24977092354537
2008-07-26 01:00:00,47.266352726455224,16.070687738390586,81.7673063604302
2008-07-26 01:15:00,39.00388913388444,12.510404836411148,68.93140483641113
2008-07-26 01:30:00,36.70679713516751,16.380000000000003,69.36029355412687
2008-07-26 01:45:00,37.515673524928715,16.380000000000003,67.57522751236249
2008-07-26 02:00:00,35.79473405392529,14.619286758171214,64.68095292406885
2008-07-26 02:15:00,28.402624288527537,9.118999999999984,54.42712144263771
2008-07-26 02:30:00,27.424515633781876,7.044615926018343,47.114790614448346
2008-07-26 02:45:00,20.078591729593892,1.0431483947141083,43.131507780461405
2008-07-26 03:00:00,18.37868800578749,1.4580000000000006,37.464999999999904
2008-07-26 03:15:00,19.597647477902715,9.124206397121144,26.898999999999962
2008-07-26 03:30:00,11.401914867366749,1.2546758570616123,21.338999999999977
2008-07-26 03:45:00,10.007700158940398,0.0,22.735192262908182
2008-07-26 04:00:00,8.76222163784738,0.0,19.543999999999905
2008-07-26 04:15:00,7.919660742818645,0.0,15.430488575435957
2008-07-26 04:30:00,7.001876517152456,0.14341202562267882,13.875384403848082
2008-07-26 04:45:00,5.8948279201573985,0.0,16.380000000000003
2008-07-26 05:00:00,5.4387556218700075,0.0,17.12192396583644
2008-07-26 05:15:00,6.435459071575787,0.0,17.464659720418375
2008-07-26 05:30:00,3.848360250018857,0.25219345559536593,9.18436314397029
2008-07-26 05:45:00,4.196301444232451,0.0,9.9
2008-07-26 06:00:00,6.807340778566789,0.3290090643856636,12.105527894871186
2008-07-26 06:15:00,4.398235930995018,0.0,10.522977652587995
2008-07-26 06:30:00,5.632303881211423,0.0,14.75920398557145
2008-07-26 06:45:00,8.457937328638938,0.04731188766472811,23.510084413453434
2008-07-26 07:00:00,9.104122898423691,0.0,22.29254377847122
2008-07-26 07:15:00,4.782111451941387,0.0,11.780803797978486
2008-07-26 07:30:00,12.359954181378214,2.105341335554442,23.410107430470855
2008-07-26 07:45:00,19.864623433101972,0.0,39.84789700357714
2008-07-26 08:00:00,16.070632362287697,1.6763982237271142,38.02526766110574
2008-07-26 08:15:00,22.947171453681836,3.7756316367906755,35.436471153788496
2008-07-26 08:30:00,21.559325052090625,1.7869295872271196,41.298711486092735
2008-07-26 08:45:00,27.261050315842528,11.896744617065716,48.320838731332664
2008-07-26 09:00:00,25.378828091033412,10.81290038683694,42.140695058997544
2008-07-26 09:15:00,22.159182107897543,7.4527579440972955,36.82784210164879
2008-07-26 09:30:00,28.330735113157083,8.679520614630453,47.920746247716
2008-07-26 09:45:00,37.76494332239547,17.202818205403663,73.96592469730844
2008-07-26 10:00:00,36.006314789567654,15.9250993999464,56.35972272863288
2008-07-26 10:15:00,33.62539751044249,12.598095678755277,58.08897857859661
2008-07-26 10:30:00,44.96532612727428,20.13663392655288,60.27259148760097
2008-07-26 10:45:00,54.72011502817919,26.456591089408285,80.31114556175262
2008-07-26 11:00:00,53.70413673279009,37.027492675510494,78.90448513144948
2008-07-26 11:15:00,48.76746986678204,16.261833440201194,78.19977881901461
2008-07-26 11:30:00,40.34995264320212,12.816000000000031,65.43381926650206
2008-07-26 11:45:00,59.36724496806125,31.92206301467831,88.18019454742497
2008-07-26 12:00:00,62.071916131004755,33.46813772773324,98.6051927552277
2008-07-26 12:15:00,42.108853252341035,16.96943519391797,75.41787072834047
2008-07-26 12:30:00,39.53669380246451,12.238889011830386,66.84464782733649
2008-07-26 12:45:00,53.92531737424088,22.49351646789479,87.93075901208157
2008-07-26 13:00:00,44.23942436676294,12.431452524159349,79.33797228244259
2008-07-26 13:15:00,50.78268111308658,25.93572283878926,77.53971736453255
2008-07-26 13:30:00,39.80576815713876,17.010458442331096,66.36239834022261
2008-07-26 13:45:00,43.437927032491935,17.472956848778004,74.0249819349368
2008-07-26 14:00:00,38.8572616901203,13.914135265415899,63.936686790207865
2008-07-26 14:15:00,45.335540240142436,17.85757815258425,73.01790878739045
2008-07-26 14:30:00,39.671345562947444,16.17924223448707,67.31385506452641
2008-07-26 14:45:00,38.56239726044542,16.27636861776628,66.92724992358853
2008-07-26 15:00:00,30.333583659683992,7.412710659033389,53.95935646883591
2008-07-26 15:15:00,45.445130502971686,20.753193526288648,63.37086591296596
2008-07-26 15:30:00,42.10332559690683,18.384966912537,67.71226003688581
2008-07-26 15:45:00,57.66952653735122,23.054384340057524,88.36711735132354
2008-07-26 16:00:00,53.31459424496036,12.315812949363737,115.03579014658843
2008-07-26 16:15:00,57.39540425395322,24.07321687478278,110.11543782792918
2008-07-26 16:30:00,57.82326198049939,20.83991689931685,99.96758518789454
2008-07-26 16:45:00,61.670385524725745,36.47515611034449,96.77252457823215
2008-07-26 17:00:00,54.610546882705904,26.074041054673952,77.99151892667959
2008-07-26 17:15:00,62.53927030840556,28.38734200697434,91.92378714414353
2008-07-26 17:30:00,82.59287666140251,37.2738354238199,126.92544226302542
2008-07-26 17:45:00,82.510979079655,48.18204626629931,129.94114246527417
2008-07-26 18:00:00,73.19943268935944,39.10807490037912,110.2280931440419
2008-07-26 18:15:00,81.18984231143742,47.87736296137649,125.42490775316972
2008-07-26 18:30:00,73.65141408700565,42.79041860000388,111.26606365315521
2008-07-26 18:45:00,63.19688961775987,27.644096475686204,92.05105948030155
2008-07-26 19:00:00,58.47266375664986,27.91953649677444,81.21135346204814
2008-07-26 19:15:00,55.15732370430347,25.782489245366314,88.98596817030447
2008-07-26 19:30:00,60.97238512241936,22.617,91.85820127348468
2008-07-26 19:45:00,55.37874129953812,19.494171269408028,88.85557416197472
2008-07-26 20:00:00,58.42913290359338,29.2885770317466,87.8666879433503
2008-07-26 20:15:00,59.31935121687991,32.31287086012575,83.02017101436911
2008-07-26 20:30:00,57.41252745571712,26.02395753774959,83.12260970928337
2008-07-26 20:45:00,52.61444365011776,23.493332822379852,77.14643172524391
2008-07-26 21:00:00,54.735781365622564,27.738,77.481
2008-07-26 21:15:00,58.2290626899723,28.929394165517607,84.35086642791693
2008-07-26 21:30:00,46.790049922409594,20.549583430676467,78.77843868872029
2008-07-26 21:45:00,51.699003814664856,17.63880197907049,81.56835806030824
2008-07-26 22:00:00,68.64779535903011,33.693131759184375,124.08330094519258
2008-07-26 22:15:00,65.8885402418538,35.44237974680914,103.10022083526023
2008-07-26 22:30:00,73.95057672270111,31.765623537610278,113.68096231952437
2008-07-26 22:45:00,70.31353838736453,32.786980246744356,119.11629258056108
2008-07-26 23:00:00,68.10466280974886,27.738,107.17666638120326
2008-07-26 23:15:00,68.16457845156819,33.20139648825432,104.8608456741322
2008-07-26 23:30:00,68.35075957462492,35.40795739593712,100.10864616980402
2008-07-26 23:45:00,71.4947340504443,31.457109786724494,100.75247691481353
